<?xml version="1.0" encoding="UTF-8" standalone="yes"?>
<advancedsettings>
  <fanartres>1080</fanartres>
  <imageres>720</imageres>
    <gui> 
	<algorithmdirtyregions>3</algorithmdirtyregions>
        <nofliptimeout>0</nofliptimeout>
   </gui>
   <network>
        <cachemembuffersize>209715200</cachemembuffersize> 
   </network>
<videolibrary>
        <importwatchedstate>true</importwatchedstate>
	 <importresumepoint>true</importresumepoint>
</videolibrary>
   <audio>
        <applydrc>false</applydrc>
  </audio>
<splash>true</splash>
<network>
<disableipv6>true</disableipv6>
</network>
</advancedsettings>
