<?xml version="1.0" encoding="UTF-8" standalone="yes"?>
<addon id="plugin.program.salondigital"
    name="Ajustes SalonDigital OS" version="2.5.0" provider-name="Tocinillo">
  <requires>
    <import addon="xbmc.python" version="2.1.0"/>
  </requires>
  <extension point="xbmc.python.pluginsource" library="default.py">
    <provides>executable</provides>
  </extension>
  <extension point="xbmc.addon.metadata">
    <summary lang="en">Plugin for get updates from www.salondigital.es</summary>
    <summary lang="es">Plugin para obtener automáticamente actualizaciones de www.salondigital.es</summary>
    <description lang="en">Los cambios no pueden deshacerse.</description>
    <description lang="es">Los cambios no pueden deshacerse.</description>
    <platform>all</platform>
  </extension>
</addon>
