<settings>
    <accessibility>
        <audiohearing default="true">false</audiohearing>
        <audiovisual default="true">false</audiovisual>
        <subhearing default="true">false</subhearing>
    </accessibility>
    <audiocds>
        <autoaction default="true">0</autoaction>
        <ejectonrip default="true">true</ejectonrip>
        <encoder default="true">audioencoder.xbmc.builtin.wav</encoder>
        <recordingpath default="true"></recordingpath>
        <trackpathformat default="true">%A/%A - %B/[%N. ][%A - ]%T</trackpathformat>
        <usecddb default="true">true</usecddb>
    </audiocds>
    <audiooutput>
        <ac3passthrough default="true">true</ac3passthrough>
        <ac3transcode default="true">false</ac3transcode>
        <audiodevice default="true">ALSA:default</audiodevice>
        <channels default="true">1</channels>
        <config default="true">2</config>
        <dspaddonsenabled default="true">false</dspaddonsenabled>
        <dtshdpassthrough default="true">false</dtshdpassthrough>
        <dtspassthrough default="true">false</dtspassthrough>
        <eac3passthrough default="true">false</eac3passthrough>
        <guisoundmode default="true">1</guisoundmode>
        <maintainoriginalvolume default="true">true</maintainoriginalvolume>
        <passthrough default="true">false</passthrough>
        <passthroughdevice default="true">ALSA:hdmi:CARD=PCH,DEV=0</passthroughdevice>
        <processquality default="true">30</processquality>
        <samplerate>96000</samplerate>
        <stereoupmix>true</stereoupmix>
        <streamsilence>-1</streamsilence>
        <supportdtshdcpudecoding default="true">false</supportdtshdcpudecoding>
        <truehdpassthrough default="true">false</truehdpassthrough>
    </audiooutput>
    <bluray>
        <playerregion default="true">1</playerregion>
    </bluray>
    <cache>
        <harddisk default="true">256</harddisk>
    </cache>
    <cacheaudio>
        <dvdrom default="true">256</dvdrom>
        <internet default="true">256</internet>
        <lan default="true">256</lan>
    </cacheaudio>
    <cachedvd>
        <dvdrom default="true">2048</dvdrom>
        <lan default="true">2048</lan>
    </cachedvd>
    <cacheunknown>
        <internet default="true">4096</internet>
    </cacheunknown>
    <cachevideo>
        <dvdrom default="true">2048</dvdrom>
        <internet default="true">4096</internet>
        <lan default="true">2048</lan>
    </cachevideo>
    <debug>
        <extralogging>false</extralogging>
        <screenshotpath default="true"></screenshotpath>
        <setextraloglevel default="true">32768</setextraloglevel>
        <showloginfo default="true">false</showloginfo>
    </debug>
    <disc>
        <playback default="true">0</playback>
    </disc>
    <dvds>
        <automenu default="true">false</automenu>
        <autorun>true</autorun>
        <playerregion default="true">0</playerregion>
    </dvds>
    <epg>
        <daystodisplay default="true">3</daystodisplay>
        <epgupdate default="true">120</epgupdate>
        <hidenoinfoavailable default="true">true</hidenoinfoavailable>
        <ignoredbforclient default="true">false</ignoredbforclient>
        <preventupdateswhileplayingtv default="true">false</preventupdateswhileplayingtv>
        <selectaction default="true">2</selectaction>
    </epg>
    <eventlog>
        <enabled>false</enabled>
        <enablednotifications default="true">false</enablednotifications>
    </eventlog>
    <filelists>
        <allowfiledeletion default="true">false</allowfiledeletion>
        <ignorethewhensorting default="true">true</ignorethewhensorting>
        <showaddsourcebuttons default="true">true</showaddsourcebuttons>
        <showextensions default="true">true</showextensions>
        <showhidden default="true">false</showhidden>
        <showparentdiritems>false</showparentdiritems>
    </filelists>
    <general>
        <addonbrokenfilter default="true">true</addonbrokenfilter>
        <addonforeignfilter default="true">false</addonforeignfilter>
        <addonnotifications default="true">true</addonnotifications>
        <addonupdates>2</addonupdates>
        <settinglevel>3</settinglevel>
        <eventlog>
            <level>0</level>
            <showhigherlevels>true</showhigherlevels>
        </eventlog>
        <systemtotaluptime>6244</systemtotaluptime>
    </general>
    <input>
        <enablejoystick>false</enablejoystick>
        <enablemouse default="true">true</enablemouse>
    </input>
    <locale>
        <audiolanguage>Spanish</audiolanguage>
        <charset default="true">DEFAULT</charset>
        <country>España (24 horas)</country>
        <keyboardlayouts default="true">English QWERTY</keyboardlayouts>
        <language>resource.language.es_es</language>
        <longdateformat default="true">regional</longdateformat>
        <shortdateformat default="true">regional</shortdateformat>
        <speedunit default="true">regional</speedunit>
        <subtitlelanguage>forced_only</subtitlelanguage>
        <temperatureunit default="true">regional</temperatureunit>
        <timeformat default="true">regional</timeformat>
        <timezone default="true">Europe/Madrid</timezone>
        <timezonecountry default="true">Spain</timezonecountry>
        <use24hourclock default="true">regional</use24hourclock>
    </locale>
    <lookandfeel>
        <enablerssfeeds>false</enablerssfeeds>
        <font default="true">Default</font>
        <rssedit default="true"></rssedit>
        <skin>skin.eminence.2.mod</skin>
        <skincolors default="true">SKINDEFAULT</skincolors>
        <skintheme default="true">SKINDEFAULT</skintheme>
        <skinzoom default="true">0</skinzoom>
        <soundskin>resource.uisounds.fromashes</soundskin>
        <startupwindow default="true">10000</startupwindow>
        <stereostrength default="true">5</stereostrength>
    </lookandfeel>
    <masterlock>
        <maxretries default="true">3</maxretries>
        <startuplock default="true">false</startuplock>
    </masterlock>
    <musicfiles>
        <findremotethumbs default="true">true</findremotethumbs>
        <librarytrackformat default="true"></librarytrackformat>
        <nowplayingtrackformat default="true"></nowplayingtrackformat>
        <trackformat default="true">[%N. ]%A - %T</trackformat>
        <usetags default="true">true</usetags>
    </musicfiles>
    <musiclibrary>
        <albumsscraper default="true">metadata.album.universal</albumsscraper>
        <artistsscraper default="true">metadata.artists.universal</artistsscraper>
        <backgroundupdate default="true">false</backgroundupdate>
        <downloadinfo default="true">false</downloadinfo>
        <overridetags default="true">false</overridetags>
        <showallitems default="true">true</showallitems>
        <showcompilationartists default="true">true</showcompilationartists>
        <updateonstartup default="true">false</updateonstartup>
    </musiclibrary>
    <musicplayer>
        <autoplaynextitem default="true">true</autoplaynextitem>
        <crossfade default="true">0</crossfade>
        <crossfadealbumtracks default="true">true</crossfadealbumtracks>
        <queuebydefault default="true">false</queuebydefault>
        <replaygainavoidclipping default="true">false</replaygainavoidclipping>
        <replaygainnogainpreamp default="true">89</replaygainnogainpreamp>
        <replaygainpreamp default="true">89</replaygainpreamp>
        <replaygaintype default="true">1</replaygaintype>
        <seekdelay default="true">750</seekdelay>
        <seeksteps default="true">-60,-30,-10,10,30,60</seeksteps>
        <visualisation default="true">visualization.spectrum</visualisation>
    </musicplayer>
    <mymusic>
        <defaultlibview default="true"></defaultlibview>
        <songthumbinvis default="true">false</songthumbinvis>
        <startwindow>10502</startwindow>
        <playlist>
            <repeat>false</repeat>
            <shuffle>false</shuffle>
        </playlist>
        <needsupdate>0</needsupdate>
    </mymusic>
    <myvideos>
        <extractchapterthumbs default="true">true</extractchapterthumbs>
        <extractflags default="true">true</extractflags>
        <extractthumb default="true">true</extractthumb>
        <flatten default="true">false</flatten>
        <replacelabels default="true">true</replacelabels>
        <selectaction default="true">1</selectaction>
        <stackvideos default="true">false</stackvideos>
        <watchmodemovies>0</watchmodemovies>
        <watchmodetvshows>0</watchmodetvshows>
        <watchmodemusicvideos>0</watchmodemusicvideos>
        <playlist>
            <repeat>false</repeat>
            <shuffle>false</shuffle>
        </playlist>
        <needsupdate>0</needsupdate>
    </myvideos>
    <network>
        <bandwidth default="true">0</bandwidth>
        <httpproxypassword default="true"></httpproxypassword>
        <httpproxyport default="true">8080</httpproxyport>
        <httpproxyserver default="true"></httpproxyserver>
        <httpproxytype default="true">0</httpproxytype>
        <httpproxyusername default="true"></httpproxyusername>
        <usehttpproxy default="true">false</usehttpproxy>
    </network>
    <pictures>
        <displayresolution default="true">14</displayresolution>
        <generatethumbs default="true">true</generatethumbs>
        <showvideos default="true">true</showvideos>
    </pictures>
    <powermanagement>
        <displaysoff default="true">0</displaysoff>
        <shutdownstate>1</shutdownstate>
        <shutdowntime default="true">0</shutdowntime>
        <wakeonaccess default="true">false</wakeonaccess>
    </powermanagement>
    <pvrmanager>
        <backendchannelorder default="true">true</backendchannelorder>
        <enabled default="true">false</enabled>
        <hideconnectionlostwarning>true</hideconnectionlostwarning>
        <syncchannelgroups default="true">true</syncchannelgroups>
        <usebackendchannelnumbers default="true">false</usebackendchannelnumbers>
    </pvrmanager>
    <pvrmenu>
        <closechannelosdonswitch default="true">true</closechannelosdonswitch>
        <displaychannelinfo default="true">5</displaychannelinfo>
        <iconpath default="true"></iconpath>
    </pvrmenu>
    <pvrparental>
        <duration default="true">300</duration>
        <enabled default="true">false</enabled>
        <pin default="true"></pin>
    </pvrparental>
    <pvrplayback>
        <channelentrytimeout default="true">0</channelentrytimeout>
        <confirmchannelswitch default="true">false</confirmchannelswitch>
        <enableradiords default="true">true</enableradiords>
        <fps>1</fps>
        <playminimized>false</playminimized>
        <scantime default="true">10</scantime>
        <sendrdstrafficmsg default="true">false</sendrdstrafficmsg>
        <signalquality default="true">true</signalquality>
        <startlast default="true">0</startlast>
        <trafficadvisory default="true">false</trafficadvisory>
        <trafficadvisoryvolume default="true">10</trafficadvisoryvolume>
    </pvrplayback>
    <pvrpowermanagement>
        <backendidletime default="true">15</backendidletime>
        <dailywakeup default="true">false</dailywakeup>
        <dailywakeuptime default="true">00:00:00</dailywakeuptime>
        <enabled default="true">false</enabled>
        <prewakeup default="true">15</prewakeup>
        <setwakeupcmd default="true"></setwakeupcmd>
    </pvrpowermanagement>
    <pvrrecord>
        <defaultlifetime default="true">99</defaultlifetime>
        <defaultpriority default="true">50</defaultpriority>
        <instantrecordtime default="true">120</instantrecordtime>
        <marginend default="true">0</marginend>
        <marginstart default="true">0</marginstart>
        <preventduplicateepisodes default="true">0</preventduplicateepisodes>
        <timernotifications default="true">true</timernotifications>
    </pvrrecord>
    <pvrtimers>
        <timertypefilter default="true">true</timertypefilter>
    </pvrtimers>
    <scrapers>
        <moviesdefault default="true">metadata.themoviedb.org</moviesdefault>
        <musicvideosdefault default="true">metadata.local</musicvideosdefault>
        <tvshowsdefault default="true">metadata.tvdb.com</tvshowsdefault>
    </scrapers>
    <screensaver>
        <mode></mode>
        <time>10</time>
        <usedimonpause default="true">true</usedimonpause>
        <usemusicvisinstead default="true">true</usemusicvisinstead>
    </screensaver>
    <services>
        <airplay>true</airplay>
        <airplaypassword default="true"></airplaypassword>
        <airplayvideosupport default="true">true</airplayvideosupport>
        <airplayvolumecontrol default="true">true</airplayvolumecontrol>
        <devicename default="true">Kodi</devicename>
        <esallinterfaces>true</esallinterfaces>
        <escontinuousdelay default="true">25</escontinuousdelay>
        <esenabled default="true">true</esenabled>
        <esinitialdelay default="true">750</esinitialdelay>
        <esmaxclients default="true">20</esmaxclients>
        <esport default="true">9777</esport>
        <esportrange default="true">10</esportrange>
        <upnpannounce default="true">true</upnpannounce>
        <upnpcontroller default="true">false</upnpcontroller>
        <upnplookforexternalsubtitles default="true">false</upnplookforexternalsubtitles>
        <upnprenderer default="true">false</upnprenderer>
        <upnpserver default="true">false</upnpserver>
        <useairplaypassword default="true">false</useairplaypassword>
        <webserver>true</webserver>
        <webserverpassword default="true"></webserverpassword>
        <webserverport default="true">8080</webserverport>
        <webserverusername></webserverusername>
        <webskin default="true">webinterface.default</webskin>
        <zeroconf default="true">true</zeroconf>
    </services>
    <slideshow>
        <displayeffects default="true">true</displayeffects>
        <shuffle default="true">false</shuffle>
        <staytime default="true">5</staytime>
    </slideshow>
    <smb>
        <winsserver default="true">0.0.0.0</winsserver>
        <workgroup default="true">WORKGROUP</workgroup>
    </smb>
    <subtitles>
        <align>2</align>
        <charset default="true">DEFAULT</charset>
        <color>0</color>
        <custompath default="true"></custompath>
        <downloadfirst default="true">false</downloadfirst>
        <font default="true">arial.ttf</font>
        <height>36</height>
        <languages default="true">English</languages>
        <movie default="true"></movie>
        <overrideassfonts default="true">false</overrideassfonts>
        <parsecaptions default="true">false</parsecaptions>
        <pauseonsearch default="true">true</pauseonsearch>
        <stereoscopicdepth default="true">0</stereoscopicdepth>
        <storagemode default="true">0</storagemode>
        <style default="true">1</style>
        <tv default="true"></tv>
    </subtitles>
    <system>
        <playlistspath>special://profile/playlists/</playlistspath>
    </system>
    <videolibrary>
        <actorthumbs default="true">true</actorthumbs>
        <backgroundupdate default="true">false</backgroundupdate>
        <flattentvshows default="true">1</flattentvshows>
        <groupmoviesets default="true">false</groupmoviesets>
        <groupsingleitemsets default="true">false</groupsingleitemsets>
        <showallitems default="true">true</showallitems>
        <showemptytvshows default="true">false</showemptytvshows>
        <showunwatchedplots default="true">true</showunwatchedplots>
        <tvshowsincludeallseasonsandspecials default="true">0</tvshowsincludeallseasonsandspecials>
        <tvshowsselectfirstunwatcheditem default="true">0</tvshowsselectfirstunwatcheditem>
        <updateonstartup default="true">false</updateonstartup>
    </videolibrary>
    <videoplayer>
        <adjustrefreshrate>2</adjustrefreshrate>
        <autoplaynextitem default="true">false</autoplaynextitem>
        <errorinaspect default="true">0</errorinaspect>
        <hqscalers>20</hqscalers>
        <pauseafterrefreshchange>10</pauseafterrefreshchange>
        <preferdefaultflag default="true">true</preferdefaultflag>
        <prefervaapirender default="true">true</prefervaapirender>
        <quitstereomodeonstop default="true">true</quitstereomodeonstop>
        <rendermethod default="true">0</rendermethod>
        <seekdelay default="true">750</seekdelay>
        <seeksteps default="true">-600,-300,-180,-60,-30,-10,10,30,60,180,300,600</seeksteps>
        <stereoscopicplaybackmode default="true">0</stereoscopicplaybackmode>
        <stretch43 default="true">0</stretch43>
        <teletextenabled default="true">true</teletextenabled>
        <teletextscale default="true">true</teletextscale>
        <useamcodec>false</useamcodec>
        <usedisplayasclock>true</usedisplayasclock>
        <usedxva2 default="true">true</usedxva2>
        <useomx default="true">true</useomx>
        <useomxplayer default="true">true</useomxplayer>
        <usevaapi default="true">true</usevaapi>
        <usevaapimpeg2 default="true">true</usevaapimpeg2>
        <usevaapimpeg4 default="true">true</usevaapimpeg4>
        <usevaapivc1 default="true">true</usevaapivc1>
        <usevda default="true">true</usevda>
        <usevdpau>false</usevdpau>
        <usevdpaumixer default="true">true</usevdpaumixer>
        <usevdpaumpeg2 default="true">true</usevdpaumpeg2>
        <usevdpaumpeg4 default="true">false</usevdpaumpeg4>
        <usevdpauvc1 default="true">true</usevdpauvc1>
        <usevideotoolbox default="true">true</usevideotoolbox>
    </videoplayer>
    <videoscreen>
        <blankdisplays default="true">false</blankdisplays>
        <fakefullscreen default="true">true</fakefullscreen>
        <limitedrange>true</limitedrange>
        <monitor default="true">Default</monitor>
        <preferedstereoscopicmode default="true">100</preferedstereoscopicmode>
        <resolution default="true">16</resolution>
        <screen default="true">0</screen>
        <screenmode default="true">DESKTOP</screenmode>
        <stereoscopicmode default="true">0</stereoscopicmode>
        <vsync default="true">3</vsync>
    </videoscreen>
    <weather>
        <addon>weather.yahoo</addon>
        <currentlocation default="true">1</currentlocation>
    </weather>
    <window>
        <height>884</height>
        <width>1094</width>
    </window>
    <resolutions>
        <resolution>
            <description>1920x1080 @ 60.00 - Full Screen</description>
            <subtitles>1042</subtitles>
            <pixelratio>1.000000</pixelratio>
            <refreshrate>0.000000</refreshrate>
            <output></output>
            <xrandrid></xrandrid>
            <overscan>
                <left>0</left>
                <top>0</top>
                <right>1920</right>
                <bottom>1080</bottom>
            </overscan>
        </resolution>
        <resolution>
            <description>1920x1080 @ 24.00 - Full Screen</description>
            <subtitles>1042</subtitles>
            <pixelratio>1.000000</pixelratio>
            <refreshrate>0.000000</refreshrate>
            <output></output>
            <xrandrid></xrandrid>
            <overscan>
                <left>0</left>
                <top>0</top>
                <right>1920</right>
                <bottom>1080</bottom>
            </overscan>
        </resolution>
        <resolution>
            <description>1920x1080 @ 25.00 - Full Screen</description>
            <subtitles>1042</subtitles>
            <pixelratio>1.000000</pixelratio>
            <refreshrate>0.000000</refreshrate>
            <output></output>
            <xrandrid></xrandrid>
            <overscan>
                <left>0</left>
                <top>0</top>
                <right>1920</right>
                <bottom>1080</bottom>
            </overscan>
        </resolution>
        <resolution>
            <description>1920x1080 @ 29.97 - Full Screen</description>
            <subtitles>1042</subtitles>
            <pixelratio>1.000000</pixelratio>
            <refreshrate>0.000000</refreshrate>
            <output></output>
            <xrandrid></xrandrid>
            <overscan>
                <left>0</left>
                <top>0</top>
                <right>1920</right>
                <bottom>1080</bottom>
            </overscan>
        </resolution>
        <resolution>
            <description>1920x1080 @ 30.00 - Full Screen</description>
            <subtitles>1042</subtitles>
            <pixelratio>1.000000</pixelratio>
            <refreshrate>0.000000</refreshrate>
            <output></output>
            <xrandrid></xrandrid>
            <overscan>
                <left>0</left>
                <top>0</top>
                <right>1920</right>
                <bottom>1080</bottom>
            </overscan>
        </resolution>
        <resolution>
            <description>1920x1080 @ 50.00 - Full Screen</description>
            <subtitles>1042</subtitles>
            <pixelratio>1.000000</pixelratio>
            <refreshrate>0.000000</refreshrate>
            <output></output>
            <xrandrid></xrandrid>
            <overscan>
                <left>0</left>
                <top>0</top>
                <right>1920</right>
                <bottom>1080</bottom>
            </overscan>
        </resolution>
        <resolution>
            <description>1920x1080 @ 59.94 - Full Screen</description>
            <subtitles>1042</subtitles>
            <pixelratio>1.000000</pixelratio>
            <refreshrate>0.000000</refreshrate>
            <output></output>
            <xrandrid></xrandrid>
            <overscan>
                <left>0</left>
                <top>0</top>
                <right>1920</right>
                <bottom>1080</bottom>
            </overscan>
        </resolution>
        <resolution>
            <description>1920x1080 @ 23.98 - Full Screen</description>
            <subtitles>1042</subtitles>
            <pixelratio>1.000000</pixelratio>
            <refreshrate>0.000000</refreshrate>
            <output></output>
            <xrandrid></xrandrid>
            <overscan>
                <left>0</left>
                <top>0</top>
                <right>1920</right>
                <bottom>1080</bottom>
            </overscan>
        </resolution>
    </resolutions>
    <defaultvideosettings>
        <deinterlacemode>1</deinterlacemode>
        <interlacemethod>7</interlacemethod>
        <scalingmethod>13</scalingmethod>
        <noisereduction>0.000000</noisereduction>
        <postprocess>false</postprocess>
        <sharpness>0.000000</sharpness>
        <viewmode>6</viewmode>
        <zoomamount>1.010000</zoomamount>
        <pixelratio>1.000000</pixelratio>
        <verticalshift>0.000000</verticalshift>
        <volumeamplification>0.000000</volumeamplification>
        <outputtoallspeakers>true</outputtoallspeakers>
        <showsubtitles>false</showsubtitles>
        <brightness>50.000000</brightness>
        <contrast>50.000000</contrast>
        <gamma>20.000000</gamma>
        <audiodelay>0.000000</audiodelay>
        <subtitledelay>0.000000</subtitledelay>
        <nonlinstretch>false</nonlinstretch>
        <stereomode>0</stereomode>
    </defaultvideosettings>
    <defaultaudiosettings>
        <masterstreamtype>7</masterstreamtype>
        <masterstreamtypesel>7</masterstreamtypesel>
        <masterstreambase>0</masterstreambase>
        <masterprocess_0_0>0</masterprocess_0_0>
        <masterprocess_0_1>0</masterprocess_0_1>
        <masterprocess_0_2>0</masterprocess_0_2>
        <masterprocess_0_3>0</masterprocess_0_3>
        <masterprocess_0_4>0</masterprocess_0_4>
        <masterprocess_0_5>0</masterprocess_0_5>
        <masterprocess_0_6>0</masterprocess_0_6>
        <masterprocess_0_7>0</masterprocess_0_7>
        <masterprocess_0_8>0</masterprocess_0_8>
        <masterprocess_0_9>0</masterprocess_0_9>
        <masterprocess_0_10>0</masterprocess_0_10>
        <masterprocess_1_0>0</masterprocess_1_0>
        <masterprocess_1_1>0</masterprocess_1_1>
        <masterprocess_1_2>0</masterprocess_1_2>
        <masterprocess_1_3>0</masterprocess_1_3>
        <masterprocess_1_4>0</masterprocess_1_4>
        <masterprocess_1_5>0</masterprocess_1_5>
        <masterprocess_1_6>0</masterprocess_1_6>
        <masterprocess_1_7>0</masterprocess_1_7>
        <masterprocess_1_8>0</masterprocess_1_8>
        <masterprocess_1_9>0</masterprocess_1_9>
        <masterprocess_1_10>0</masterprocess_1_10>
        <masterprocess_2_0>0</masterprocess_2_0>
        <masterprocess_2_1>0</masterprocess_2_1>
        <masterprocess_2_2>0</masterprocess_2_2>
        <masterprocess_2_3>0</masterprocess_2_3>
        <masterprocess_2_4>0</masterprocess_2_4>
        <masterprocess_2_5>0</masterprocess_2_5>
        <masterprocess_2_6>0</masterprocess_2_6>
        <masterprocess_2_7>0</masterprocess_2_7>
        <masterprocess_2_8>0</masterprocess_2_8>
        <masterprocess_2_9>0</masterprocess_2_9>
        <masterprocess_2_10>0</masterprocess_2_10>
        <masterprocess_3_0>0</masterprocess_3_0>
        <masterprocess_3_1>0</masterprocess_3_1>
        <masterprocess_3_2>0</masterprocess_3_2>
        <masterprocess_3_3>0</masterprocess_3_3>
        <masterprocess_3_4>0</masterprocess_3_4>
        <masterprocess_3_5>0</masterprocess_3_5>
        <masterprocess_3_6>0</masterprocess_3_6>
        <masterprocess_3_7>0</masterprocess_3_7>
        <masterprocess_3_8>0</masterprocess_3_8>
        <masterprocess_3_9>0</masterprocess_3_9>
        <masterprocess_3_10>0</masterprocess_3_10>
        <masterprocess_4_0>0</masterprocess_4_0>
        <masterprocess_4_1>0</masterprocess_4_1>
        <masterprocess_4_2>0</masterprocess_4_2>
        <masterprocess_4_3>0</masterprocess_4_3>
        <masterprocess_4_4>0</masterprocess_4_4>
        <masterprocess_4_5>0</masterprocess_4_5>
        <masterprocess_4_6>0</masterprocess_4_6>
        <masterprocess_4_7>0</masterprocess_4_7>
        <masterprocess_4_8>0</masterprocess_4_8>
        <masterprocess_4_9>0</masterprocess_4_9>
        <masterprocess_4_10>0</masterprocess_4_10>
        <masterprocess_5_0>0</masterprocess_5_0>
        <masterprocess_5_1>0</masterprocess_5_1>
        <masterprocess_5_2>0</masterprocess_5_2>
        <masterprocess_5_3>0</masterprocess_5_3>
        <masterprocess_5_4>0</masterprocess_5_4>
        <masterprocess_5_5>0</masterprocess_5_5>
        <masterprocess_5_6>0</masterprocess_5_6>
        <masterprocess_5_7>0</masterprocess_5_7>
        <masterprocess_5_8>0</masterprocess_5_8>
        <masterprocess_5_9>0</masterprocess_5_9>
        <masterprocess_5_10>0</masterprocess_5_10>
        <masterprocess_6_0>0</masterprocess_6_0>
        <masterprocess_6_1>0</masterprocess_6_1>
        <masterprocess_6_2>0</masterprocess_6_2>
        <masterprocess_6_3>0</masterprocess_6_3>
        <masterprocess_6_4>0</masterprocess_6_4>
        <masterprocess_6_5>0</masterprocess_6_5>
        <masterprocess_6_6>0</masterprocess_6_6>
        <masterprocess_6_7>0</masterprocess_6_7>
        <masterprocess_6_8>0</masterprocess_6_8>
        <masterprocess_6_9>0</masterprocess_6_9>
        <masterprocess_6_10>0</masterprocess_6_10>
        <masterprocess_7_0>0</masterprocess_7_0>
        <masterprocess_7_1>0</masterprocess_7_1>
        <masterprocess_7_2>0</masterprocess_7_2>
        <masterprocess_7_3>0</masterprocess_7_3>
        <masterprocess_7_4>0</masterprocess_7_4>
        <masterprocess_7_5>0</masterprocess_7_5>
        <masterprocess_7_6>0</masterprocess_7_6>
        <masterprocess_7_7>0</masterprocess_7_7>
        <masterprocess_7_8>0</masterprocess_7_8>
        <masterprocess_7_9>0</masterprocess_7_9>
        <masterprocess_7_10>0</masterprocess_7_10>
    </defaultaudiosettings>
    <viewstates>
        <musicfiles>
            <viewmode>720896</viewmode>
            <sortmethod>1</sortmethod>
            <sortorder>1</sortorder>
            <sortattributes>0</sortattributes>
        </musicfiles>
        <musiclastfm>
            <viewmode>65536</viewmode>
            <sortmethod>1</sortmethod>
            <sortorder>1</sortorder>
            <sortattributes>0</sortattributes>
        </musiclastfm>
        <musicnavalbums>
            <viewmode>66043</viewmode>
            <sortmethod>11</sortmethod>
            <sortorder>1</sortorder>
            <sortattributes>1</sortattributes>
        </musicnavalbums>
        <musicnavartists>
            <viewmode>65536</viewmode>
            <sortmethod>1</sortmethod>
            <sortorder>1</sortorder>
            <sortattributes>0</sortattributes>
        </musicnavartists>
        <musicnavsongs>
            <viewmode>65536</viewmode>
            <sortmethod>1</sortmethod>
            <sortorder>1</sortorder>
            <sortattributes>0</sortattributes>
        </musicnavsongs>
        <pictures>
            <viewmode>720896</viewmode>
            <sortmethod>1</sortmethod>
            <sortorder>1</sortorder>
            <sortattributes>0</sortattributes>
        </pictures>
        <programs>
            <viewmode>720896</viewmode>
            <sortmethod>1</sortmethod>
            <sortorder>1</sortorder>
            <sortattributes>0</sortattributes>
        </programs>
        <videofiles>
            <viewmode>131572</viewmode>
            <sortmethod>1</sortmethod>
            <sortorder>1</sortorder>
            <sortattributes>1</sortattributes>
        </videofiles>
        <videonavactors>
            <viewmode>65536</viewmode>
            <sortmethod>1</sortmethod>
            <sortorder>1</sortorder>
            <sortattributes>0</sortattributes>
        </videonavactors>
        <videonavepisodes>
            <viewmode>66044</viewmode>
            <sortmethod>23</sortmethod>
            <sortorder>1</sortorder>
            <sortattributes>0</sortattributes>
        </videonavepisodes>
        <videonavgenres>
            <viewmode>65536</viewmode>
            <sortmethod>1</sortmethod>
            <sortorder>1</sortorder>
            <sortattributes>0</sortattributes>
        </videonavgenres>
        <videonavmusicvideos>
            <viewmode>65536</viewmode>
            <sortmethod>1</sortmethod>
            <sortorder>1</sortorder>
            <sortattributes>0</sortattributes>
        </videonavmusicvideos>
        <videonavseasons>
            <viewmode>66039</viewmode>
            <sortmethod>29</sortmethod>
            <sortorder>1</sortorder>
            <sortattributes>0</sortattributes>
        </videonavseasons>
        <videonavtitles>
            <viewmode>65589</viewmode>
            <sortmethod>29</sortmethod>
            <sortorder>1</sortorder>
            <sortattributes>1</sortattributes>
        </videonavtitles>
        <videonavtvshows>
            <viewmode>65593</viewmode>
            <sortmethod>29</sortmethod>
            <sortorder>1</sortorder>
            <sortattributes>1</sortattributes>
        </videonavtvshows>
        <videonavyears>
            <viewmode>65536</viewmode>
            <sortmethod>1</sortmethod>
            <sortorder>1</sortorder>
            <sortattributes>0</sortattributes>
        </videonavyears>
    </viewstates>
    <audio>
        <mute>false</mute>
        <fvolumelevel>1.000000</fvolumelevel>
    </audio>
</settings>
