<?xml version='1.0' encoding='UTF-8'?>
<shortcuts>
	<shortcut>
		<defaultID>videos</defaultID>
		<label>3</label>
		<label2>Common Shortcut</label2>
		<icon>special://skin/extras/icons/video-addons.png</icon>
		<thumb />
		<action>ActivateWindow(Videos,VideoLibrary)</action>
	</shortcut>
	<shortcut>
		<defaultID>x1101</defaultID>
		<label>20342</label>
		<label2>Hub 1101</label2>
		<icon>special://skin/extras/icons/film.png</icon>
		<thumb />
		<action>ActivateWindow(1101)</action>
	</shortcut>
	<shortcut>
		<defaultID>x1102</defaultID>
		<label>20343</label>
		<label2>Hub 1102</label2>
		<icon>special://skin/extras/icons/tv.png</icon>
		<thumb />
		<action>ActivateWindow(1102)</action>
	</shortcut>
	<shortcut>
		<defaultID>pelismagnet</defaultID>
		<label>PelisMagnet</label>
		<label2>Favorito</label2>
		<icon>special://skin/extras/icons/files.png</icon>
		<thumb>special://skin/extras/icons/play.png</thumb>
		<action>ActivateWindow(10025,"plugin://plugin.video.pelisalacarta/?action=mainlist&amp;category=pelismagnet&amp;channel=pelismagnet",return)</action>
	</shortcut>
	<shortcut>
		<defaultID>programs</defaultID>
		<label>Netflix</label>
		<label2>Custom item</label2>
		<icon>DefaultAddonProgram.png</icon>
		<thumb>special://skin/extras/icons/netflix.png</thumb>
		<action>RunPlugin("plugin://plugin.program.simply.launcher/?do=program&amp;id=Netflix",return)</action>
	</shortcut>
	<shortcut>
		<defaultID />
		<label>Movistar+</label>
		<label2>Custom item</label2>
		<icon>DefaultShortcut.png</icon>
		<thumb>special://skin/extras/icons/movistar.png</thumb>
		<action>RunPlugin("plugin://plugin.program.simply.launcher/?do=program&amp;id=Yomvi",return)</action>
	</shortcut>
	<shortcut>
		<defaultID>music</defaultID>
		<label>2</label>
		<label2>Common Shortcut</label2>
		<icon>special://skin/extras/icons/songs.png</icon>
		<thumb />
		<action>ActivateWindow(Music)</action>
	</shortcut>
	<shortcut>
		<defaultID />
		<label>Spotify</label>
		<label2>Custom item</label2>
		<icon>DefaultShortcut.png</icon>
		<thumb>special://skin/extras/icons/spotify.png</thumb>
		<action>RunPlugin("plugin://plugin.program.simply.launcher/?do=program&amp;id=opera-spotify",return)</action>
	</shortcut>
	<shortcut>
		<defaultID />
		<label>Emuladores</label>
		<label2>Custom item</label2>
		<icon>DefaultShortcut.png</icon>
		<thumb>special://skin/extras/icons/rocket2.png</thumb>
		<action>RunPlugin("plugin://plugin.program.simply.launcher/?do=program&amp;id=Attract",return)</action>
	</shortcut>
	<shortcut>
		<defaultID />
		<label>Steam</label>
		<label2>Custom item</label2>
		<icon>DefaultShortcut.png</icon>
		<thumb>special://skin/extras/icons/playstation.png</thumb>
		<action>RunPlugin("plugin://plugin.program.simply.launcher/?do=program&amp;id=steam",return)</action>
	</shortcut>
	<shortcut>
		<defaultID />
		<label>Plex</label>
		<label2>Custom item</label2>
		<icon>DefaultShortcut.png</icon>
		<thumb>special://skin/extras/icons/play.png</thumb>
		<action>RunPlugin("plugin://plugin.program.simply.launcher/?do=program&amp;id=Plex",return)</action>
	</shortcut>
	<shortcut>
		<defaultID>ultrastar</defaultID>
		<label>Ultrastar</label>
		<label2>Custom item</label2>
		<icon>special://skin/extras/icons/files.png</icon>
		<thumb>special://skin/extras/icons/ultrastar.png</thumb>
		<action>RunPlugin("plugin://plugin.program.simply.launcher/?do=program&amp;id=Ultrastar",return)</action>
	</shortcut>
	<shortcut>
		<defaultID>livetv</defaultID>
		<label>TV</label>
		<label2>Common Shortcut</label2>
		<icon>special://skin/extras/icons/livetv.png</icon>
		<thumb />
		<action>ActivateWindow(MyPVR)</action>
	</shortcut>
	<shortcut>
		<defaultID />
		<label>Chrome</label>
		<label2>Custom item</label2>
		<icon>DefaultShortcut.png</icon>
		<thumb>special://skin/extras/icons/chrome.png</thumb>
		<action>RunPlugin("plugin://plugin.program.simply.launcher/?do=program&amp;id=opera",return)</action>
	</shortcut>
	<shortcut>
		<defaultID />
		<label>Youtube</label>
		<label2>Custom item</label2>
		<icon>DefaultShortcut.png</icon>
		<thumb>special://skin/extras/icons/youtube.png</thumb>
		<action>ActivateWindow(VideoLibrary,"plugin://plugin.video.youtube",return)</action>
	</shortcut>
	<shortcut>
		<defaultID>pictures</defaultID>
		<label>1</label>
		<label2>Common Shortcut</label2>
		<icon>special://skin/extras/icons/pictures.png</icon>
		<thumb />
		<action>ActivateWindow(Pictures)</action>
	</shortcut>
	<shortcut>
		<defaultID>360</defaultID>
		<label>Reproducir Disco</label>
		<label2>Custom item</label2>
		<icon>special://skin/extras/icons/eye.png</icon>
		<thumb>special://skin/extras/icons/cd.png</thumb>
		<action>PlayDVD</action>
	</shortcut>
	<shortcut>
		<defaultID>programs</defaultID>
		<label>0</label>
		<label2>Common Shortcut</label2>
		<icon>special://skin/extras/icons/addons.png</icon>
		<thumb />
		<action>ActivateWindow(Programs)</action>
	</shortcut>
	<shortcut>
		<defaultID>weather</defaultID>
		<label>8</label>
		<label2>Common Shortcut</label2>
		<icon>special://skin/extras/icons/sun.png</icon>
		<thumb />
		<action>ActivateWindow(Weather)</action>
	</shortcut>
	<shortcut>
		<defaultID>settings</defaultID>
		<label>10004</label>
		<label2>Common Shortcut</label2>
		<icon>special://skin/extras/icons/settings.png</icon>
		<thumb />
		<action>ActivateWindow(Settings)</action>
	</shortcut>
	<shortcut>
		<defaultID>apagar</defaultID>
		<label>Apagar</label>
		<label2>Custom item</label2>
		<icon>special://skin/extras/icons/files.png</icon>
		<thumb />
		<action>RunPlugin("plugin://plugin.program.executor/?do=program&amp;id=Apagar",return)</action>
	</shortcut>
</shortcuts>
