<!-- This file contains the mapping of keys (gamepad, remote, and keyboard) to actions within XBMC -->
<!-- The <global> section is a fall through - they will only be used if the button is not          -->
<!-- used in the current window's section.  Note that there is only handling                       -->
<!-- for a single action per button at this stage.                                                 -->
<!-- For joystick/gamepad configuration under linux/win32, see below as it differs from xbox       -->
<!-- gamepads.                                                                                     -->

<!-- The format is:                      -->
<!--    <device>                         -->
<!--      <button>action</button>        -->
<!--    </device>                        -->

<!-- To map keys from other remotes using the RCA protocol, you may add <universalremote> blocks -->
<!-- In this case, the tags used are <obc#> where # is the original button code (OBC) of the key -->
<!-- You set it up by adding a <universalremote> block to the window or <global> section:       -->
<!--    <universalremote>             -->
<!--       <obc45>Stop</obc45>         -->
<!--    </universalremote>            -->
<!-- To find out the OBC's of your remote, try enabling the <displayremotecodes> tag in AdvancedSettings.xml -->

<!-- Note that the action can be a built-in function.                 -->
<!--  eg <B>XBMC.ActivateWindow(MyMusic)"</B>                         -->
<!-- would automatically go to My Music on the press of the B button. -->

<!-- Joysticks / Gamepads:                                                                    -->
<!--   See the sample PS3 controller configuration below for the format.                      -->
<!--                                                                                          -->
<!--  Joystick Name:                                                                          -->
<!--   Do 'cat /proc/bus/input/devices' or see your xbmc log file  to find the names of       -->
<!--   detected joysticks. The name used in the configuration should match the detected name. -->
<!--                                                                                          -->
<!--  Button Ids:                                                                             -->
<!--   'id' is the button ID used by SDL. Joystick button ids of connected joysticks appear   -->
<!--   in xbmc.log when they are pressed. Use your log to map custom buttons to actions.      -->
<!--                                                                                          -->
<!--  Axis Ids / Analog Controls                                                              -->
<!--   Coming soon.                                                                           -->

<keymap>
  <global>
<universalremote>
<obc7>RunPlugin(&quot;plugin://plugin.program.executor/?do=program&amp;id=Expulsar&quot;)</obc7>  
<obc20>RunPlugin(&quot;plugin://plugin.program.executor/?do=program&amp;id=boblight&quot;)</obc20>
	  <obc16>ContextMenu</obc16>
</universalremote>
    <remote>
      <three>VolumeUp</three>
	  	  <clear>Fullscreen</clear>
      <six>VolumeDown</six>
      <nine>Mute</nine>
      <play>Play</play>
      <pause>Pause</pause>
      <stop>Stop</stop>
      <forward>FastForward</forward>
      <reverse>Rewind</reverse>
      <left>Left</left>
      <right>Right</right>
      <up>Up</up>
	  <star>XBMC.ActivateWindow(PVROSDGuide)</star>
      <down>Down</down>


      <select>Select</select>
      <pageplus>PageUp</pageplus>
      <pageminus>PageDown</pageminus>
      <back>ParentDir</back>
      <menu>ContextMenu</menu>

      <info>Info</info>
      <skipplus>SkipNext</skipplus>
      <skipminus>SkipPrevious</skipminus>
      <display>FullScreen</display>
      <start>ActivateWindow(Home)</start>
      <record>Screenshot</record>
      <volumeplus>VolumeUp</volumeplus>
      <volumeminus>VolumeDown</volumeminus>
      <mute>Mute</mute>
      <power>RunPlugin(&quot;plugin://plugin.program.executor/?do=program&amp;id=Apagar&quot;)</power>
      <myvideo>RunScript(/home/htpc/.salondigital/boblight.py)</myvideo>
      <mymusic>XBMC.ActivateWindow(MyMusic)</mymusic>
      <mypictures>XBMC.ActivateWindow(MyPictures)</mypictures>
      <mytv>RunPlugin(&quot;plugin://plugin.program.executor/?do=program&amp;id=boblight&quot;)</mytv>
    </remote>

 
    <keyboard>
      <p>Play</p>
      <q>Queue</q>
      <f>FastForward</f>
      <r>Rewind</r>
      <left>Left</left>
      <right>Right</right>
      <up>Up</up>
      <down>Down</down>
      <pageup>PageUp</pageup>
      <pagedown>PageDown</pagedown>
      <return>Select</return>
      <enter>Select</enter>

      <m>ActivateWindow(PlayerControls)</m>
      <s>ActivateWindow(shutdownmenu)</s>
      <escape>PreviousMenu</escape>
      <i>Info</i>
      <menu>ContextMenu</menu>
      <c>ContextMenu</c>
      <space>Pause</space>
      <x>Stop</x>
      <period>SkipNext</period>
      <comma>SkipPrevious</comma>
      <tab>FullScreen</tab>
      <printscreen>Screenshot</printscreen>
      <minus>VolumeDown</minus>
      <plus>VolumeUp</plus>
      <zero>Number0</zero>
      <one>Number1</one>
      <two>Number2</two>
      <three>Number3</three>
      <four>Number4</four>
      <five>Number5</five>
      <six>Number6</six>
      <seven>Number7</seven>
      <eight>Number8</eight>
	  <hash>RunPlugin(&quot;plugin://plugin.program.executor/?do=program&amp;id=Expulsar&quot;)</hash>
      <nine>Number9</nine>
      <backslash>ToggleFullScreen</backslash>
      <browser_home>XBMC.ActivateWindow(Home)</browser_home>
      <browser_favorites>ActivateWindow(Favourites)</browser_favorites>
      <browser_refresh></browser_refresh>
      <browser_search></browser_search>
      <launch_app1_pc_icon>ActivateWindow(MyPrograms)</launch_app1_pc_icon>
      <launch_media_select>XBMC.ActivateWindow(MyMusic)</launch_media_select>
      <play_pause>Pause</play_pause>
      <stop>Stop</stop>
      <volume_up>VolumeUp</volume_up>
      <volume_mute>Mute</volume_mute>
      <volume_down>VolumeDown</volume_down>

      <next_track>SkipNext</next_track>
      <prev_track>SkipPrevious</prev_track>
      <launch_mail></launch_mail>
      <key id="61620"></key> <!-- same as above, launch_mail, but using button code (based on vkey id) -->
      <end>RunPlugin(&quot;plugin://plugin.program.executor/?do=program&amp;id=Apagar&quot;)</end>
      <v>RunScript(/home/htpc/.salondigital/boblight.py)</v> <!-- Boton Rojo(videos) -->
      <e>XBMC.ActivateWindow(MyMusic)</e> <!-- Boton Verde(Music) -->
      <o>XBMC.ActivateWindow(MyPictures)</o> <!-- Boton Azul(Pictures) -->
      <a>XBMC.ActivateWindow(MyTV)</a>
      <w>Mute</w> <!-- Boton Mute(Silencio)-->
    </keyboard>
  </global>


  <Home>
    <remote>
      <menu>ContextMenu</menu>

      <info>XBMC.ActivateWindow(SystemInfo)</info>
      <clear>XBMC.ActivateWindow(Weather)</clear>
      <hash>RunPlugin(&quot;plugin://plugin.program.executor/?do=program&amp;id=Expulsar&quot;)</hash>

    </remote>

    <keyboard>
      <i>info</i>
    </keyboard>
  </Home>
  

  <MyFiles>
    <remote>
      <zero>Delete</zero>
      <one>Highlight</one>
      <four>Copy</four>
      <seven>Move</seven>
      <clear>Delete</clear>
      <three>VolumeUp</three>
      <six>VolumeDown</six>
      <nine>Mute</nine>
    </remote>

    <keyboard>
      <space>Highlight</space>
      <delete>Delete</delete>
      <m>Move</m>
      <r>Rename</r>
    </keyboard>
  </MyFiles>
  

  <MyMusicPlaylist>
    <remote>
      <back>Playlist</back> <!-- Close playlist -->
      <clear>Delete</clear>
      <zero>Delete</zero>
      <two>MoveItemUp</two>
      <five>MoveItemDown</five>
      <three>VolumeUp</three>
      <six>VolumeDown</six>
      <nine>Mute</nine>
    </remote>

    <keyboard>
      <space>Playlist</space> <!-- Close playlist -->
      <delete>Delete</delete>
      <u>MoveItemUp</u>
      <d>MoveItemDown</d>
    </keyboard>
  </MyMusicPlaylist>

  <MyMusicPlaylistEditor>
    <keyboard>
      <u>MoveItemUp</u>
      <d>MoveItemDown</d>
      <delete>Delete</delete>
    </keyboard>

    <remote>
      <zero>Queue</zero>
    </remote>
  </MyMusicPlaylistEditor>
  
  <MyMusicFiles>
     <remote>
      <zero>Queue</zero>
      <star>Queue</star>


      <three>VolumeUp</three>
      <six>VolumeDown</six>
      <nine>Mute</nine>
      <pause>Pause</pause>
    </remote>

    <keyboard>
      <space>Pause</space>
      <q>Queue</q>
    </keyboard>
  </MyMusicFiles>


  <MyMusicLibrary>
     <remote>
      <zero>Queue</zero>
      <star>Queue</star>
      <three>VolumeUp</three>
      <six>VolumeDown</six>
      <nine>Mute</nine>
    </remote>

    <keyboard>
      <space>Pause</space>
      <q>Queue</q>
    </keyboard>
  </MyMusicLibrary>


  <FullscreenVideo>
    <remote>
      <left>StepBack</left>
      <right>StepForward</right>
      <up>BigStepForward</up>
      <down>BigStepBack</down>
      <back>SmallStepBack</back>
	 		<menu>XBMC.ActivateWindow(PVROSDGuide)</menu>
      <start>ActivateWindow(Home)</start>

	    <language>AudioNextLanguage</language>
				<subtitle>NextSubtitle</subtitle>
      <info>Info</info>
      <enter>AspectRatio</enter>
      <select>AspectRatio</select>
   </remote>

      <universalremote>
	  <obc3>CodecInfo</obc3>
<obc20>RunScript(/home/htpc/.salondigital/boblight.py)</obc20>
    </universalremote>
    <keyboard>
      <f>FastForward</f>
      <r>Rewind</r>
      <period>SkipNext</period>
	  <hash>RunPlugin(&quot;plugin://plugin.program.executor/?do=program&amp;id=Expulsar&quot;)</hash>
      <comma>SkipPrevious</comma>

      <opensquarebracket>BigStepForward</opensquarebracket>
      <closesquarebracket>BigStepBack</closesquarebracket>
      <return>OSD</return>
      <enter>OSD</enter>
      <m>OSD</m>
      <i>Info</i>
      <o>CodecInfo</o>
	  <menu>XBMC.ActivateWindow(PVROSDGuide)</menu>
      <z>AspectRatio</z>
      <t>ShowSubtitles</t>
      <left>StepBack</left>
      <right>StepForward</right>
      <up>BigStepForward</up>
      <down>BigStepBack</down>
      <Y>XBMC.ActivateWindow(OSDAudioSettings)</Y>

    </keyboard>
  </FullscreenVideo>


  <FullscreenInfo>
    <remote>

      <info>Close</info>
      <menu>OSD</menu>
   </remote>

    <keyboard>
      <f>FastForward</f>
      <r>Rewind</r>
      <period>StepForward</period>

      <o>CodecInfo</o>
      <i>Close</i>
      <m>OSD</m>
    </keyboard>
  </FullscreenInfo>

  <PlayerControls>

    <keyboard>
      <m>close</m>
    </keyboard>

    <remote>
      <menu>Close</menu>
    </remote>
  </PlayerControls>


  <Visualisation>
    <remote>
      <left>PreviousPreset</left>
      <right>NextPreset</right>
      <up>IncreaseRating</up>
      <down>DecreaseRating</down>
      <back>LockPreset</back>

      <select>XBMC.ActivateWindow(VisualisationPresetList)</select>
      <menu>OSD</menu>
      <start>ActivateWindow(Home)</start>
      <info>Info</info>
      <guide>XBMC.ActivateWindow(PVROSDChannels)</guide>
      <playlist>XBMC.ActivateWindow(PVROSDChannels)</playlist>
    </remote>
		<universalkeyboard>
	      <obc16>XBMC.ActivateWindow(PVROSDChannels)</obc16>
</universalkeyboard>


        <keyboard>
      <f>FastForward</f>
      <r>Rewind</r>
      <period>SkipNext</period>
      <comma>SkipPrevious</comma>
      <return>OSD</return>
      <enter>OSD</enter>
      <m>OSD</m>
      <i>Info</i>
      <p>ActivateWindow(VisualisationPresetList)</p>
      <v>ActivateWindow(VisualisationSettings)</v>
      <n>ActivateWindow(MusicPlaylist)</n>
      <left>SkipPrevious</left>
      <right>SkipNext</right>
      <up>IncreaseRating</up>
      <down>DecreaseRating</down>      <!--<back>NextPreset</back>!-->
      <o>CodecInfo</o>
      <l>LockPreset</l>
      <escape>FullScreen</escape>
      <g>XBMC.ActivateWindow(PVROSDChannels)</g>
      <c>XBMC.ActivateWindow(PVROSDChannels)</c>
    </keyboard>
  </Visualisation>

  <MusicOSD>
    <remote>
      <menu>Close</menu>

      <info>CodecInfo</info>
    </remote>

    <keyboard>
      <f>FastForward</f>
      <r>Rewind</r>
      <period>SkipNext</period>
      <comma>SkipPrevious</comma>
      <m>Close</m>
      <i>Info</i>
      <o>CodecInfo</o>
      <p>ActivateWindow(VisualisationPresetList)</p>
      <v>ActivateWindow(VisualisationSettings)</v>
      <n>ActivateWindow(MusicPlaylist)</n>
    </keyboard>
  </MusicOSD>


  <VisualisationSettings>

    <remote>
      <menu>Close</menu>
    </remote>

    <keyboard>
      <f>FastForward</f>
      <r>Rewind</r>
      <period>SkipNext</period>
      <comma>SkipPrevious</comma>
      <m>Close</m>
      <i>Info</i>
      <o>CodecInfo</o>
      <p>ActivateWindow(VisualisationPresetList)</p>
      <v>Close</v>
      <n>ActivateWindow(MusicPlaylist)</n>
    </keyboard>
  </VisualisationSettings>


  <VisualisationPresetList>
    <remote>
      <menu>Close</menu>
    </remote>


    <keyboard>
      <f>FastForward</f>
      <r>Rewind</r>
      <period>SkipNext</period>
      <comma>SkipPrevious</comma>
      <m>Close</m>
      <i>Info</i>
      <o>CodecInfo</o>
      <p>Close</p>
      <v>Close</v>
      <n>ActivateWindow(MusicPlaylist)</n>
    </keyboard>
  </VisualisationPresetList>


  <SlideShow>

    <remote>
      <zero>ZoomNormal</zero>
      <one>ZoomLevel1</one>
      <two>ZoomLevel2</two>
      <three>ZoomLevel3</three>
      <four>ZoomLevel4</four>
      <five>ZoomLevel5</five>
      <six>ZoomLevel6</six>
      <seven>ZoomLevel7</seven>
      <eight>ZoomLevel8</eight>
      <nine>ZoomLevel9</nine>
      <info>CodecInfo</info>
      <skipplus>NextPicture</skipplus>
      <skipminus>PreviousPicture</skipminus>

      <select>Rotate</select>
      <back>PreviousMenu</back>
    </remote>

    <keyboard>
      <zero>ZoomNormal</zero>
      <one>ZoomLevel1</one>
      <two>ZoomLevel2</two>
      <three>ZoomLevel3</three>
      <four>ZoomLevel4</four>
      <five>ZoomLevel5</five>
      <six>ZoomLevel6</six>
      <seven>ZoomLevel7</seven>
      <eight>ZoomLevel8</eight>
      <nine>ZoomLevel9</nine>
      <i>Info</i>
      <o>CodecInfo</o>
      <period>NextPicture</period>
      <comma>PreviousPicture</comma>
      <plus>ZoomIn</plus>
      <minus>ZoomOut</minus>
      <r>Rotate</r>
    </keyboard>
  </SlideShow>


  <ScreenCalibration>

    <remote>
      <select>NextCalibration</select>
      <enter>NextCalibration</enter>
      <zero>ResetCalibration</zero>
      <display>NextResolution</display>
      <xbox>NextResolution</xbox>
    </remote>

    <keyboard>
      <return>NextCalibration</return>
      <enter>NextCalibration</enter>
      <d>ResetCalibration</d>
      <r>NextResolution</r>
    </keyboard>
  </ScreenCalibration>


  <GUICalibration>

    <remote>
      <select>NextCalibration</select>
      <enter>NextCalibration</enter>
      <zero>ResetCalibration</zero>
    </remote>

    <keyboard>
      <return>NextCalibration</return>
      <enter>NextCalibration</enter>
      <d>ResetCalibration</d>
    </keyboard>
  </GUICalibration>


  <SelectDialog>
    <remote>
      <back>Close</back>
    </remote>

    <keyboard>
      <escape>Close</escape>
    </keyboard>
  </SelectDialog>
  

  <VideoOSD>

    <remote>
      <back>PreviousMenu</back>
      <menu>Close</menu>
      <start>ActivateWindow(Home)</start>
    </remote>

    <keyboard>
      <escape>Close</escape>
      <m>Close</m>
      <i>Info</i>
      <o>CodecInfo</o>
    </keyboard>
  </VideoOSD>

  <VideoMenu>

    <remote>
      <menu>OSD</menu>
      <back>PreviousMenu</back>
      <info>Info</info>

      <zero>Number0</zero>
      <one>Number1</one>
      <two>Number2</two>
      <three>Number3</three>
      <four>Number4</four>
      <five>Number5</five>
      <six>Number6</six>
      <seven>Number7</seven>
      <eight>Number8</eight>
      <nine>Number9</nine>
    </remote>

    <keyboard>
      <return>Select</return>
      <enter>Select</enter>

    </keyboard>
  </VideoMenu>


  <OSDVideoSettings>

    <remote>
      <back>Close</back>
      <menu>Close</menu>
      <start>ActivateWindow(Home)</start>
    </remote>

    <keyboard>

      <escape>Close</escape>
      <i>Info</i>
      <o>CodecInfo</o>
    </keyboard>
  </OSDVideoSettings>

  <OSDAudioSettings>
    <remote>
      <back>Close</back>
      <menu>Close</menu>
      <start>ActivateWindow(Home)</start>
    </remote>

    <keyboard>

      <escape>Close</escape>
      <i>Info</i>
      <o>CodecInfo</o>
    </keyboard>
  </OSDAudioSettings>

  <VideoBookmarks>
    <remote>
      <back>Close</back>
      <menu>Close</menu>
     <start>ActivateWindow(Home)</start>
      <zero>Delete</zero>
    </remote>

    <keyboard>

      <escape>Close</escape>
    </keyboard>
  </VideoBookmarks>
  

  <MyVideoLibrary>
    <remote>
      <zero>Queue</zero>
      <clear>Delete</clear>
      <three>VolumeUp</three>
      <six>VolumeDown</six>
      <nine>Mute</nine>
    </remote>

    <keyboard>
      <delete>Delete</delete>
      <space>Playlist</space>
    </keyboard>
  </MyVideoLibrary>


  <MyVideoFiles>

    <remote>
      <zero>Queue</zero>
      <star>Queue</star>
      <three>VolumeUp</three>
      <six>VolumeDown</six>
      <nine>Mute</nine>
    </remote>

    <keyboard>
      <space>Playlist</space>
      <q>Queue</q>
    </keyboard>
  </MyVideoFiles>


  <MyVideoPlaylist>
    <remote>
      <back>Playlist</back> <!-- Close playlist -->
      <clear>Delete</clear>
      <zero>Delete</zero>
      <two>MoveItemUp</two>
      <five>MoveItemDown</five>
      <three>VolumeUp</three>
      <six>VolumeDown</six>
      <nine>Mute</nine>
    </remote>

    <keyboard>
      <space>Playlist</space> <!-- Close playlist -->
      <delete>Delete</delete>
      <u>MoveItemUp</u>
      <d>MoveItemDown</d>
    </keyboard>
  </MyVideoPlaylist>


  <VirtualKeyboard>
    <remote>

      <star>Shift</star>
      <hash>Symbols</hash>
      <zero>Number0</zero>
      <one>Number1</one>
      <two>Number2</two>
      <three>Number3</three>
      <four>Number4</four>
      <five>Number5</five>
      <six>Number6</six>
      <seven>Number7</seven>
      <eight>Number8</eight>
      <nine>Number9</nine>
      <pageminus>CursorLeft</pageminus>
      <pageplus>CursorRight</pageplus>
    </remote>
  </VirtualKeyboard>


  <ContextMenu>

    <remote>

      <back>Close</back>
    </remote>
	<universalremote>
		  <obc16>ContextMenu</obc16>
		  </universalremote>

    <keyboard>
      <menu>Close</menu>
    </keyboard>
  </ContextMenu>



  <NumericInput>

    <remote>
      <zero>Number0</zero>
      <one>Number1</one>
      <two>Number2</two>
      <three>Number3</three>
      <four>Number4</four>
      <five>Number5</five>
      <six>Number6</six>
      <seven>Number7</seven>
      <eight>Number8</eight>
      <nine>Number9</nine>
      <back>BackSpace</back>
    </remote>
  </NumericInput>


  <GamepadInput>
  </GamepadInput>

  <Weather>

    <remote>
      <back>PreviousMenu</back>
    </remote>
    
  </Weather>

  <Settings>

    <remote>
      <back>PreviousMenu</back>
    </remote>
  </Settings>

  <MyPicturesSettings>

    <remote>
      <back>PreviousMenu</back>
    </remote>
  </MyPicturesSettings>

  <MyProgramsSettings>

    <remote>
      <back>PreviousMenu</back>
    </remote>
  </MyProgramsSettings>

  <MyWeatherSettings>
    <remote>
      <back>PreviousMenu</back>
    </remote>
  </MyWeatherSettings>

  <MyMusicSettings>
    <remote>
      <back>PreviousMenu</back>
    </remote>
  </MyMusicSettings>

  <SystemSettings>

    <remote>
      <back>PreviousMenu</back>
    </remote>
  </SystemSettings>

  <MyVideosSettings>

    <remote>
      <back>PreviousMenu</back>
    </remote>
  </MyVideosSettings>

  <NetworkSettings>
    <remote>
      <back>PreviousMenu</back>
    </remote>
  </NetworkSettings>

  <AppearanceSettings>

    <remote>
      <back>PreviousMenu</back>
    </remote>
  </AppearanceSettings>

  <Profiles>
    <remote>
      <back>PreviousMenu</back>
    </remote>
  </Profiles>

  <systeminfo>

    <remote>
      <back>PreviousMenu</back>
    </remote>
  </systeminfo>

  <shutdownmenu>
    <remote>
      <back>PreviousMenu</back>
    </remote>
  </shutdownmenu>

  <submenu>
    <remote>
      <back>PreviousMenu</back>
    </remote>
  </submenu>

  <MusicInformation>

    <remote>
      <back>Close</back>
    </remote>
  </MusicInformation>

  <MovieInformation>
    <remote>
      <back>Close</back>
    </remote>
  </MovieInformation>

  <LockSettings>
    <remote>
      <menu>Close</menu>
      <back>PreviousMenu</back>
    </remote>
  </LockSettings>

  <ProfileSettings>
    <remote>
      <menu>Close</menu>
      <back>PreviousMenu</back>
    </remote>
  </ProfileSettings>

  <PictureInfo>

    <remote>
      <skipplus>NextPicture</skipplus>
      <skipminus>PreviousPicture</skipminus>
      <info>Close</info>
      <back>Close</back> 
    </remote>

    <keyboard>
      <period>NextPicture</period>
      <comma>PreviousPicture</comma>
      <i>Close</i>
      <space>Pause</space>
    </keyboard>
  </PictureInfo>
</keymap>


