<?xml version="1.0" encoding="UTF-8"?>
<keymap>
  <global>
    <touch>
      <tap>LeftClick</tap>
      <longpress>RightClick</longpress>
      <tap pointers="2">RightClick</tap>
      <pan>PanGesture</pan>
      <swipe direction="left">SwipeLeft</swipe>
      <swipe direction="left" pointers="2">Back</swipe>
      <swipe direction="right">SwipeRight</swipe>
      <swipe direction="up">SwipeUp</swipe>
      <swipe direction="down">SwipeDown</swipe>
    </touch>
  </global>
  <FullScreenVideo>
    <touch>
      <swipe direction="left">StepBack</swipe>
      <swipe direction="right">StepForward</swipe>
      <swipe direction="up">ChapterOrBigStepForward</swipe>
      <swipe direction="down">ChapterOrBigStepBack</swipe>
      <swipe direction="left" pointers="2">SmallStepBack</swipe>
    </touch>
  </FullScreenVideo>
  <SlideShow>
    <touch>
      <zoom>ZoomGesture</zoom>
      <rotate>RotateGesture</rotate>
    </touch>
  </SlideShow>
  <MyFiles>
    <touch>
      <tap>Select</tap>
      <swipe direction="left">Highlight</swipe>
      <swipe direction="right">Highlight</swipe>
    </touch>
  </MyFiles>
</keymap>
