<?xml version='1.0' encoding='UTF-8'?>
<shortcuts>
	<shortcut>
		<defaultID>videos</defaultID>
		<label>3</label>
		<label2>Common Shortcut</label2>
		<icon>special://skin/extras/icons/video-addons.png</icon>
		<thumb />
		<action>ActivateWindow(Videos,VideoLibrary)</action>
	</shortcut>
	<shortcut>
		<defaultID>x1101</defaultID>
		<label>20342</label>
		<label2>Hub 1101</label2>
		<icon>special://skin/extras/icons/film.png</icon>
		<thumb />
		<action>ActivateWindow(1101)</action>
	</shortcut>
	<shortcut>
		<defaultID>pelismagnet</defaultID>
		<label>PelisMagnet</label>
		<label2>Favorito</label2>
		<icon>special://skin/extras/icons/files.png</icon>
		<thumb>special://skin/extras/icons/play.png</thumb>
		<action>ActivateWindow(10025,"plugin://plugin.video.pelisalacarta/?action=mainlist&amp;category=pelismagnet&amp;channel=pelismagnet",return)</action>
	</shortcut>
	<shortcut>
		<defaultID>x1102</defaultID>
		<label>20343</label>
		<label2>Hub 1102</label2>
		<icon>special://skin/extras/icons/tv.png</icon>
		<thumb />
		<action>ActivateWindow(1102)</action>
	</shortcut>
	<shortcut>
		<defaultID>programs</defaultID>
		<label>Netflix</label>
		<label2>Custom item</label2>
		<icon>DefaultAddonProgram.png</icon>
		<thumb>special://skin/extras/icons/netflix.png</thumb>
		<action>StartAndroidActivity("com.netflix.ninja")</action>
	</shortcut>
	<shortcut>
		<defaultID>livetv</defaultID>
		<label>$SKIN[31015|skin.eminence.2.mod|TV en directo]</label>
		<label2>Common Shortcut</label2>
		<icon>special://skin/extras/icons/livetv.png</icon>
		<thumb />
		<action>ActivateWindow(MyPVR)</action>
	</shortcut>
	<shortcut>
		<defaultID>music</defaultID>
		<label>2</label>
		<label2>Common Shortcut</label2>
		<icon>special://skin/extras/icons/songs.png</icon>
		<thumb />
		<action>ActivateWindow(Music)</action>
	</shortcut>
	<shortcut>
		<defaultID />
		<label>Juegos</label>
		<label2>Custom item</label2>
		<icon>DefaultShortcut.png</icon>
		<thumb>special://skin/extras/icons/rocket2.png</thumb>
		<action>StartAndroidActivity("com.nvidia.tegrazone3")</action>
	</shortcut>
	<shortcut>
		<defaultID>script.games.rom.collection.browser</defaultID>
		<label>Emuladores</label>
		<label2>Custom item</label2>
		<icon>DefaultAddon.png</icon>
		<thumb>special://skin/extras/icons/games.png</thumb>
		<action>StartAndroidActivity("com.shieldcade.hyperspin")</action>
	</shortcut>
	<shortcut>
		<defaultID>chrome</defaultID>
		<label>Internet</label>
		<label2>Favorito</label2>
		<icon>special://skin/extras/icons/files.png</icon>
		<thumb>special://skin/extras/icons/chrome.png</thumb>
		<action>StartAndroidActivity("com.android.chrome")</action>
	</shortcut>
	<shortcut>
		<defaultID />
		<label>Plex</label>
		<label2>Custom item</label2>
		<icon>DefaultShortcut.png</icon>
		<thumb>special://skin/extras/icons/plex.png</thumb>
		<action>StartAndroidActivity("com.plexapp.android")</action>
	</shortcut>
	<shortcut>
		<defaultID />
		<label>Youtube</label>
		<label2>Custom item</label2>
		<icon>DefaultShortcut.png</icon>
		<thumb>special://skin/extras/icons/youtube.png</thumb>
		<action>StartAndroidActivity("com.google.android.youtube.tv")</action>
	</shortcut>
	<shortcut>
		<defaultID />
		<label>Spotify</label>
		<label2>Custom item</label2>
		<icon>DefaultShortcut.png</icon>
		<thumb>special://skin/extras/icons/spotify.png</thumb>
		<action>StartAndroidActivity("com.spotify.tv.android")</action>
	</shortcut>
	<shortcut>
		<defaultID>pictures</defaultID>
		<label>1</label>
		<label2>Common Shortcut</label2>
		<icon>special://skin/extras/icons/pictures.png</icon>
		<thumb />
		<action>ActivateWindow(Pictures)</action>
	</shortcut>
	<shortcut>
		<defaultID>yomvi</defaultID>
		<label>Movistar+</label>
		<label2>Favorito</label2>
		<icon>special://skin/extras/icons/files.png</icon>
		<thumb>special://skin/extras/icons/movistar.png</thumb>
		<action>StartAndroidActivity("es.plus.yomvi")</action>
	</shortcut>
	<shortcut>
		<defaultID>programs</defaultID>
		<label>0</label>
		<label2>Common Shortcut</label2>
		<icon>special://skin/extras/icons/addons.png</icon>
		<thumb />
		<action>ActivateWindow(Programs)</action>
	</shortcut>
	<shortcut>
		<defaultID />
		<label>Apps</label>
		<label2>Custom item</label2>
		<icon>DefaultShortcut.png</icon>
		<thumb>special://skin/extras/icons/android.png</thumb>
		<action>ActivateWindow(10001,"androidapp://sources/apps/",return)</action>
	</shortcut>
	<shortcut>
		<defaultID>weather</defaultID>
		<label>8</label>
		<label2>Common Shortcut</label2>
		<icon>special://skin/extras/icons/sun.png</icon>
		<thumb />
		<action>ActivateWindow(Weather)</action>
	</shortcut>
	<shortcut>
		<defaultID>settings</defaultID>
		<label>10004</label>
		<label2>Common Shortcut</label2>
		<icon>special://skin/extras/icons/settings.png</icon>
		<thumb />
		<action>ActivateWindow(Settings)</action>
	</shortcut>
	<shortcut>
		<defaultID>settings</defaultID>
		<label>Ajustes</label>
		<label2>Custom item</label2>
		<icon>special://skin/extras/icons/settings.png</icon>
		<thumb>special://skin/extras/icons/configure.png</thumb>
		<action>RunPlugin("plugin://plugin.program.advanced.launcher/?6c625b9755efbcb9caabcfe5b9848bba/fd8374f97e63dcbdfd6ca2f19d4237b0",return)</action>
	</shortcut>
	<shortcut>
		<defaultID>power</defaultID>
		<label>33060</label>
		<label2>Common Shortcut</label2>
		<icon>special://skin/extras/icons/power.png</icon>
		<thumb />
		<action>ActivateWindow(shutdownmenu)</action>
	</shortcut>
</shortcuts>
