<?xml version="1.0" encoding="UTF-8"?>
<includes>
	<!-- RightList -->
	<include name="Video_RightList">
        <control type="group">
            <visible>Control.IsVisible(516) + [String.IsEqual(Window(Home).Property(SkinHelper.ForcedView),516) | String.IsEmpty(Window(Home).Property(SkinHelper.ForcedView))]</visible>
            <include>Animation_FadeIn</include>
            <include>Animation_FadeOut</include>
            <left>side</left>
            <right>side</right>
            <top>top</top>
            <height>height</height>
            <include content="View_RightList">
                <param name="viewlabel" value="31251" />
                <param name="posx" value="1180" />
                <param name="width" value="700" />
            </include>
			<control type="group">
				<top>-150</top>
				<left>33</left>
				<width>380</width>
				<height>380</height>
				<visible>Container.Content(movies) + Skin.HasSetting(ShowRightListDisc)</visible>
				<animation effect="slide" end="0,30" time="0" tween="cubic" easing="inout">VisibleOnChange</animation>
				<include>Animation_SpinningDisc</include>
				<control type="image">
					<aspectratio align="right">keep</aspectratio>
					<texture background="true">$INFO[ListItem.Art(discart)]</texture>
					<fadetime>400</fadetime>
					<visible>!String.IsEmpty(ListItem.Art(discart))</visible>
				</control>
				<control type="image">
					<aspectratio align="right">keep</aspectratio>
					<texture background="true">$INFO[Window(home).Property(SkinHelper.ListItem.1.Art.DiscArt)]</texture>
					<fadetime>400</fadetime>
					<visible>ListItem.IsCollection</visible>
				</control>
			</control>	
            <control type="group">
				<top>40</top>
                <left>0</left>
                <width>450</width>
                <height>650</height>
				<include>Animation_Bottom</include>				
                <control type="group">
                    <width>100%</width>
                    <height>100%</height>
                    <include>Object_Background</include>
					<visible>!Skin.HasSetting(darkoverlay) + !Container.Content(episodes)</visible>
                </control>			
				<control type="group">
                    <width>100%</width>
                    <height>100%</height>
                    <include>Object_Background2</include>
					<visible>Skin.HasSetting(darkoverlay) + !Container.Content(episodes)</visible>
                </control>
                <control type="group">
					<top>290</top>
                    <width>100%</width>
                    <height>55%</height>
                    <include>Object_Background</include>
					<visible>!Skin.HasSetting(darkoverlay) + Container.Content(episodes)</visible>
                </control>			
				<control type="group">
					<top>290</top>
                    <width>100%</width>
                    <height>55%</height>
                    <include>Object_Background2</include>
					<visible>Skin.HasSetting(darkoverlay) + Container.Content(episodes)</visible>
                </control>				
                <control type="image">
                    <left>pad</left>
                    <right>pad</right>
                    <top>pad</top>
                    <bottom>pad</bottom>                   
                    <aspectratio>scale</aspectratio>
                    <fadetime>200</fadetime>
                    <texture background="true">$VAR[Image_Poster]</texture>
                    <visible>Container.Content(seasons) | Container.Content(movies) | Container.Content(tvshows) | Container.Content(sets) | Container.Content(videos)</visible>
                </control>
                <control type="image">
                    <left>pad</left>
                    <right>pad</right>
                    <top>290</top>
                    <bottom>pad</bottom>                    
                    <aspectratio>keep</aspectratio>
                    <fadetime>200</fadetime>
                    <texture background="true">$VAR[Image_Thumb2]</texture>
                    <visible>Container.Content(episodes)</visible>
                </control>
            </control>
			<control type="group">
				<top>40</top>
				<bottom>0</bottom>
				<left>460</left>
				<width>690</width>
				<include>Object_Background</include>
				<visible>!Skin.HasSetting(darkoverlay) + Skin.HasSetting(RightListtextshadow) + Skin.HasSetting(RightListInfo) + !Container.Content(episodes)</visible>
			</control>			
			<control type="group">
				<top>40</top>
				<bottom>0</bottom>
				<left>460</left>
				<width>690</width>
				<include>Object_Background2</include>
				<visible>Skin.HasSetting(darkoverlay) + Skin.HasSetting(RightListtextshadow) + Skin.HasSetting(RightListInfo) + !Container.Content(episodes)</visible>
			</control>
			<control type="group">
				<top>330</top>
				<bottom>0</bottom>
				<left>460</left>
				<width>690</width>
				<include>Object_Background</include>
				<visible>!Skin.HasSetting(darkoverlay) + Skin.HasSetting(RightListtextshadow) + Skin.HasSetting(RightListInfo) + Container.Content(episodes)</visible>
			</control>			
			<control type="group">
				<top>330</top>
				<bottom>0</bottom>
				<left>460</left>
				<width>690</width>
				<include>Object_Background2</include>
				<visible>Skin.HasSetting(darkoverlay) + Skin.HasSetting(RightListtextshadow) + Skin.HasSetting(RightListInfo) + Container.Content(episodes)</visible>
			</control>				
			<control type="grouplist">
				<orientation>vertical</orientation>
				<top>50</top>
				<bottom>pad</bottom>
				<left>480</left>
				<width>650</width>
				<control type="grouplist">
					<visible>Container.Content(movies) + !ListItem.IsCollection</visible>
					<control type="label">
						<label>[COLOR $VAR[HighlightColor]]$LOCALIZE[20339]:[/COLOR][CR]$INFO[ListItem.Director]</label>
						<width>650</width>
						<include>Defs_OptionButton</include>
						<visible>!String.IsEmpty(ListItem.Director)</visible>
					</control>
					<control type="label">
						<label>[COLOR $VAR[HighlightColor]]$LOCALIZE[515]:[/COLOR][CR]$INFO[ListItem.Genre]</label>
						<width>650</width>
						<include>Defs_OptionButton</include>
						<visible>!String.IsEmpty(ListItem.Genre)</visible>
					</control>
					<control type="label">
						<label>[COLOR $VAR[HighlightColor]]$LOCALIZE[20339]:[/COLOR][CR]$INFO[Window(home.Property(SkinHelper.ListItem.Director))]</label>
						<width>650</width>
						<include>Defs_OptionButton</include>
						<visible>String.IsEmpty(ListItem.Director) + !String.IsEmpty(Window(home.Property(SkinHelper.ListItem.Director)))</visible>
					</control>
					<control type="label">
						<label>[COLOR $VAR[HighlightColor]]$LOCALIZE[515]:[/COLOR][CR]$INFO[Window(home.Property(SkinHelper.ListItem.Genre))]</label>
						<width>650</width>
						<include>Defs_OptionButton</include>
						<visible>String.IsEmpty(ListItem.Genre) + !String.IsEmpty(Window(home.Property(SkinHelper.ListItem.Genre)))</visible>
					</control>					
					<control type="label">
						<bottom>pad</bottom>
						<label>[COLOR $VAR[HighlightColor]][I]$INFO[Window(home).Property(SkinHelper.ListItem.Tagline)][/I][/COLOR][CR]</label>
						<width>650</width>
						<scroll>yes</scroll>
						<include>Defs_OptionButton</include>
						<visible>!String.IsEmpty(Window(home).Property(SkinHelper.ListItem.Tagline)) + Container.Content(movies) + !ListItem.IsCollection</visible>
					</control>					
				</control>
				<control type="grouplist">
					<visible>String.StartsWith(ListItem.Path,videodb://movies/sets)</visible>					
					<control type="label">
						<label>[COLOR $VAR[HighlightColor]]$LOCALIZE[20339]:[/COLOR][CR]$INFO[Window(home).Property(SkinHelper.ListItem.Director)]</label>
						<width>650</width>
						<include>Defs_OptionButton</include>
						<visible>!String.IsEmpty(Window(home).Property(SkinHelper.ListItem.Director)) + [Container.Content(movies) | Container.Content(sets)]</visible>
					</control>
					<control type="label">
						<label>[COLOR $VAR[HighlightColor]]$LOCALIZE[515]:[/COLOR][CR]$INFO[Window(home).Property(SkinHelper.ListItem.Genre),, $LOCALIZE[12391]]</label>
						<width>650</width>
						<include>Defs_OptionButton</include>
						<visible>!String.IsEmpty(Window(home).Property(SkinHelper.ListItem.Genre)) + [Container.Content(movies) | Container.Content(sets)]</visible>
					</control>
				</control>
				<control type="grouplist">
					<visible>!Container.Content(episodes) + [Container.Content(tvshows) | Container.Content(seasons)]</visible>
					<control type="label">
						<label>[COLOR $VAR[HighlightColor]]$LOCALIZE[31190]:[/COLOR][CR]$INFO[Window(Home).Property(NextAired.NextDate),,: ]$INFO[Window(Home).Property(NextAired.NextTitle)]</label>
						<width>650</width>
						<include>Defs_OptionButton</include>
						<visible>!String.IsEmpty(Window(Home).Property(NextAired.NextDate))</visible>
					</control>
					<control type="label">
						<label>[COLOR $VAR[HighlightColor]]$LOCALIZE[126]:[/COLOR][CR]$INFO[Window(Home).Property(NextAired.Status)]</label>
						<width>650</width>
						<include>Defs_OptionButton</include>
						<visible>[Container.Content(tvshows) | Container.Content(seasons)] + [!String.IsEmpty(Window(Home).Property(NextAired.Status)) + String.IsEmpty(Window(Home).Property(NextAired.NextDate))]</visible>
					</control>
					<control type="label">
						<label>[COLOR $VAR[HighlightColor]]$LOCALIZE[515]:[/COLOR][CR]$INFO[ListItem.Genre]</label>
						<width>650</width>
						<include>Defs_OptionButton</include>
						<visible>!String.IsEmpty(ListItem.Genre)</visible>
					</control>
				</control>
				<!-- <control type="grouplist"> -->
					<!-- <visible>Container.Content(episodes)</visible> -->
					<!-- <control type="label"> -->
						<!-- <label>[COLOR $VAR[HighlightColor]]$LOCALIZE[20416]:[/COLOR][CR]$INFO[ListItem.Premiered]</label> -->
						<!-- <width>650</width> -->
						<!-- <include>Defs_OptionButton</include> -->
						<!-- <visible>!String.IsEmpty(ListItem.Premiered)</visible> -->
					<!-- </control> -->
					<!-- <control type="label"> -->
						<!-- <label>[COLOR $VAR[HighlightColor]]$LOCALIZE[2050]:[/COLOR][CR]$INFO[ListItem.Duration,, $LOCALIZE[12391]]</label> -->
						<!-- <width>650</width> -->
						<!-- <include>Defs_OptionButton</include> -->
						<!-- <visible>!String.IsEmpty(ListItem.Duration)</visible> -->
					<!-- </control> -->
				<!-- </control>			 -->
			</control>	
			<control type="textbox">
				<top>285</top>
				<height max="400" min="200">auto</height>
				<left>480</left>
				<width>650</width>
				<font>Font-ListInfo</font>
				<align>justify</align>
				<aligny>center</aligny>
				<label>$VAR[Label_Plot]</label>
				<visible>Skin.HasSetting(RightListInfo) + !Container.Content(episodes)</visible>
			</control>
			<control type="textbox">
				<top>340</top>
				<bottom>pad</bottom>
				<left>480</left>
				<width>650</width>
				<font>Font-ListInfo</font>
				<align>justify</align>
				<aligny>bottom</aligny>
				<label>$VAR[Label_Plot]</label>
				<visible>Skin.HasSetting(RightListInfo) + Container.Content(episodes)</visible>
			</control>			
            <control type="group">
                <width>listw</width>
				<include content="Object_Scrollbar">
					<param name="left" value="-480r" />
				</include>
				<include>Object_Scrollbar_Alphabet</include>
            </control>	
		</control>
	</include>
	
	<include name="Music_RightList">
        <control type="group">
            <visible>Control.IsVisible(516) + [String.IsEqual(Window(Home).Property(SkinHelper.ForcedView),516) | String.IsEmpty(Window(Home).Property(SkinHelper.ForcedView))]</visible>
            <include>Animation_FadeIn</include>
            <include>Animation_FadeOut</include>
            <left>side</left>
            <right>side</right>
            <top>top</top>
            <height>height</height>
            <include content="View_RightList">
                <param name="viewlabel" value="31251" />
                <param name="posx" value="1340" />
                <param name="width" value="600" />
            </include>		
			<control type="group">
				<top>-235</top>
				<left>33</left>
				<width>580</width>
				<height>580</height>
				<visible>!Container.Content(artists) + Skin.HasSetting(ShowRightListDisc) + !Skin.HasSetting(RightListAltMusic)</visible>
				<animation effect="slide" end="0,30" time="0" tween="cubic" easing="inout">VisibleOnChange</animation>
				<include>Animation_SpinningDisc</include>
				<control type="image">
					<aspectratio align="right">keep</aspectratio>
					<texture background="true">$INFO[Window(Home).Property(SkinHelper.ListItem.Art.DiscArt)]</texture>
					<fadetime>400</fadetime>
				</control>
			</control>
			<control type="group">
				<top>75</top>
				<left>355</left>
				<width>580</width>
				<height>580</height>
				<visible>!Container.Content(artists) + Skin.HasSetting(ShowRightListDisc) + Skin.HasSetting(RightListAltMusic)</visible>
				<include>Animation_SpinningDisc</include>
				<control type="image">
					<aspectratio align="right">keep</aspectratio>
					<texture background="true">$INFO[Window(Home).Property(SkinHelper.ListItem.Art.DiscArt)]</texture>
					<fadetime>400</fadetime>
				</control>
			</control>				
            <control type="group">
				<top>40</top>
                <left>0</left>
                <width>650</width>
                <height>650</height>
				<include>Animation_Bottom</include>				
                <control type="group">
                    <width>100%</width>
                    <height>100%</height>
                    <include>Object_Background</include>
					<visible>!Skin.HasSetting(darkoverlay)</visible>
                </control>			
				<control type="group">
                    <width>100%</width>
                    <height>100%</height>
                    <include>Object_Background2</include>
					<visible>Skin.HasSetting(darkoverlay)</visible>
                </control>			
                <control type="image">
                    <left>pad</left>
                    <right>pad</right>
                    <top>pad</top>
                    <bottom>pad</bottom>                   
                    <aspectratio>scale</aspectratio>
                    <fadetime>200</fadetime>
                    <texture background="true">$VAR[Image_Poster]</texture>
                    <visible>Container.Content(albums) | Container.Content(songs)</visible>
                </control>
                <control type="image">
                    <left>pad</left>
                    <right>pad</right>
                    <top>pad</top>
                    <bottom>pad</bottom>                    
                    <aspectratio>scale</aspectratio>
                    <fadetime>200</fadetime>
                    <texture background="true">$VAR[Image_Thumb]</texture>
                    <visible>Container.Content(artists)</visible>
                </control>
            </control>
			<control type="group">
				<animation effect="slide" end="-660,0" time="500" tween="cubic" easing="inout" condition="Skin.HasSetting(RightListAltMusic)">Conditional</animation>
				<control type="group">
					<top>40</top>
					<bottom>0</bottom>
					<left>660</left>
					<width>650</width>
					<include>Object_Background</include>
					<visible>!Skin.HasSetting(darkoverlay) + [[Skin.HasSetting(RightListAltMusic) + Skin.HasSetting(RightListInfo)] | Skin.HasSetting(RightListtextshadow)]</visible>
				</control>			
				<control type="group">
					<top>40</top>
					<bottom>0</bottom>
					<left>660</left>
					<width>650</width>
					<include>Object_Background2</include>
					<visible>Skin.HasSetting(darkoverlay) + [[Skin.HasSetting(RightListAltMusic) + Skin.HasSetting(RightListInfo)] | Skin.HasSetting(RightListtextshadow)]</visible>
				</control>	
				<control type="grouplist">
					<top>50</top>
					<bottom>pad</bottom>
					<left>670</left>
					<width>630</width>
					<control type="label">
						<label>[COLOR $VAR[HighlightColor]]$LOCALIZE[557]:[/COLOR][CR]$INFO[ListItem.Artist]</label>
						<width>630</width>
						<include>Defs_OptionButton</include>
						<visible>!String.IsEmpty(ListItem.Artist) + !Container.Content(songs)</visible>
					</control>
					<control type="label">
						<label>[COLOR $VAR[HighlightColor]]$LOCALIZE[558]:[/COLOR][CR]$INFO[ListItem.Album]</label>
						<width>630</width>
						<include>Defs_OptionButton</include>
						<visible>!String.IsEmpty(ListItem.Album) + Container.Content(songs)</visible>
					</control>
					<control type="label">
						<label>[COLOR $VAR[HighlightColor]]$LOCALIZE[515]:[/COLOR][CR]$INFO[ListItem.Genre]</label>
						<width>630</width>
						<include>Defs_OptionButton</include>
						<visible>!String.IsEmpty(ListItem.Genre) + !Container.Content(artists)</visible>
					</control>
					<control type="label">
						<label>[COLOR $VAR[HighlightColor]]$LOCALIZE[21894]:[/COLOR][CR]$INFO[ListItem.Property(Artist_Formed)]</label>
						<width>630</width>
						<include>Defs_OptionButton</include>
						<visible>!String.IsEmpty(ListItem.Property(Artist_Formed)) + String.IsEmpty(ListItem.Property(Artist_Genre)) + String.IsEmpty(ListItem.Property(Artist_Born))</visible>
					</control>
					<control type="label">
						<label>[COLOR $VAR[HighlightColor]]$LOCALIZE[21893]:[/COLOR][CR]$INFO[ListItem.Property(Artist_Born)]</label>
						<width>630</width>
						<include>Defs_OptionButton</include>
						<visible>!String.IsEmpty(ListItem.Property(Artist_Born)) + String.IsEmpty(ListItem.Property(Artist_Genre))</visible>
					</control>
					<control type="label">
						<label>[COLOR $VAR[HighlightColor]]$LOCALIZE[515]:[/COLOR][CR]$INFO[ListItem.Property(Artist_Genre)]</label>
						<width>630</width>
						<include>Defs_OptionButton</include>
						<visible>!String.IsEmpty(ListItem.Property(Artist_Genre))</visible>
					</control>
					<control type="textbox">
						<height max="490">auto</height>
						<width>630</width>
						<font>Font-ListInfo</font>
						<align>justify</align>
						<aligny>bottom</aligny>
						<label>$VAR[Label_Plot]</label>
						<visible>Skin.HasSetting(RightListInfo)</visible>
					</control>
				</control>
			</control>
            <control type="group">
                <width>listw</width>
				<include content="Object_Scrollbar">
					<param name="left" value="-480r" />
				</include>
				<include>Object_Scrollbar_Alphabet</include>
            </control>	
		</control>
	</include>

    <include name="View_RightList">
        <definition>
            <control type="group">
                <left>$PARAM[posx]</left>
                <width>$PARAM[width]</width>
				<include>Object_Arrows_Vertical</include>
				<control type="grouplist">
					<visible>!Skin.HasSetting(furniture.hidesortinfo) + ![Container.Content(artists) | Container.Content(albums) | Container.Content(songs)]</visible>
					<orientation>horizontal</orientation>
					<top>-48</top>
					<height>48</height>
					<width>$PARAM[width]</width>
					<usecontrolcoords>true</usecontrolcoords>
					<control type="image">
						<bottom>21</bottom>
						<width max="$PARAM[width]">auto</width>
						<height>2</height>
						<texture colordiffuse="0f00000">common/white.png</texture>
					</control>			
					<control type="label">
						<right>0</right>
						<align>right</align>
						<height>100%</height>
						<scroll>yes</scroll>
						<width max="$PARAM[width]">auto</width>
						<label fallback="19033">$INFO[Control.GetLabel(3),, ]$INFO[Control.GetLabel(4),[COLOR=PosterBorder]-[/COLOR] , ]</label>
						<font>Font-LineLabel</font>
						<textcolor>LineLabel</textcolor>
					</control>
				</control>
				<control type="grouplist">
					<visible>!Skin.HasSetting(furniture.hidesortinfo) + [Container.Content(artists) | Container.Content(albums) | Container.Content(songs)]</visible>
					<orientation>horizontal</orientation>
					<top>-48</top>
					<height>48</height>
					<width>$PARAM[width]</width>
					<usecontrolcoords>true</usecontrolcoords>
					<control type="image">
						<bottom>21</bottom>
						<width max="525">auto</width>
						<height>2</height>
						<texture colordiffuse="0f00000">common/white.png</texture>
					</control>			
					<control type="label">
						<right>0</right>
						<align>right</align>
						<height>100%</height>
						<scroll>yes</scroll>
						<width max="525">auto</width>
						<label fallback="19033">$INFO[Control.GetLabel(3),, ]$INFO[Control.GetLabel(4),[COLOR=PosterBorder]-[/COLOR] , ]</label>
						<font>Font-LineLabel</font>
						<textcolor>LineLabel</textcolor>
					</control>
				</control>				
				<!-- <control type="group"> -->
					<!-- <include>Object_Background2</include> -->
					<!-- <right>0</right> -->
					<!-- <width>720</width> -->
                    <!-- <height>height</height> -->
					<!-- <visible>Skin.HasSetting(darkoverlay) + Skin.HasSetting(RightListtextshadow)</visible> -->
				<!-- </control>			 -->
				<!-- <control type="group"> -->
					<!-- <right>0</right> -->
                    <!-- <width>720</width> -->
                    <!-- <height>height</height> -->
                    <!-- <include>Object_Background</include> -->
					<!-- <visible>!Skin.HasSetting(darkoverlay) + Skin.HasSetting(RightListtextshadow)</visible> -->
                <!-- </control> -->
				<include>Animation_FadeSlide_Left</include>
                <control type="panel" id="516">
                    <top>0</top>
                    <left>0</left>
                    <width>$PARAM[width]</width>
                    <height>height</height>
                    <onup>516</onup>
                    <ondown>516</ondown>
                    <onright>60</onright>
                    <onleft condition="!Skin.HasSetting(KioskMode)">9000</onleft>
					<onback condition="Skin.HasSetting(backoption) + !String.IsEqual(Window(home).Property(HubReturn),Home)">ActivateWindow($INFO[Window(home).Property(HubReturn)])</onback>
                    <pagecontrol>60</pagecontrol>
                    <orientation>vertical</orientation>
                    <viewtype label="$PARAM[viewlabel]">list</viewtype>
                    <scrolltime tween="quadratic">400</scrolltime>
                    <visible>[Container.Content(movies) | Container.Content(sets) | Container.Content(tvshows) | Container.Content(seasons) | Container.Content(episodes) | Container.Content(artists) | Container.Content(albums) | Container.Content(songs) | Container.Content(musicvideos) | Container.Content(videos)] + [String.IsEqual(Window(Home).Property(SkinHelper.ForcedView),516) | String.IsEmpty(Window(Home).Property(SkinHelper.ForcedView))]</visible>
                    <itemlayout height="69" width="$PARAM[width]">
						<control type="label">
							<left>0</left>
							<right>70</right>
							<top>0</top>
							<height>100%</height>
							<align>right</align>
							<label>$INFO[ListItem.Label]</label>
						</control>
						<control type="image">
							<right>10</right>
							<centertop>50%</centertop>
							<height>32</height>
							<width>32</width>
							<texture colordiffuse="$VAR[Indicators_SecondaryColor]">$VAR[Image_Indicator_Back]</texture>
							<visible>!String.IsEmpty(ListItem.Overlay)</visible>
							<visible>!Container.Content(seasons) + !Container.Content(sets)</visible>
						</control>
						<control type="image">          
							<right>10</right>
							<centertop>50%</centertop>
							<height>32</height>
							<width>32</width>                            
							<texture colordiffuse="$VAR[Indicators_PrimaryColor]">$VAR[Image_Indicator]</texture>
							<visible>!String.IsEmpty(ListItem.Overlay)</visible>
							<visible>!Container.Content(seasons) + !Container.Content(sets)</visible>
						</control>         
						<control type="image">
							<right>10</right>
							<centertop>50%</centertop>
							<height>32</height>
							<width>32</width>
							<texture colordiffuse="$VAR[Indicators_SecondaryColor]">$VAR[Image_Indicator_Back]</texture>
							<visible>!String.IsEmpty(ListItem.Overlay)</visible>
							<visible>Container.Content(seasons) | Container.Content(sets)</visible>
						</control>
						<control type="image">
							<right>10</right>
							<centertop>50%</centertop>
							<height>32</height>
							<width>32</width>                          
							<texture colordiffuse="$VAR[Indicators_PrimaryColor]">$VAR[Image_Indicator]</texture>
							<visible>!String.IsEmpty(ListItem.Overlay)</visible>
							<visible>Container.Content(seasons) | Container.Content(sets)</visible>
						</control>  
                    </itemlayout>
                    <focusedlayout height="100" width="$PARAM[width]">
						<control type="label">
							<left>10</left>
							<right>70</right>
							<height>50%</height>
							<label>$INFO[ListItem.Label]</label>
							<textcolor>$VAR[HighlightColor]</textcolor>
							<align>right</align>
						</control>	
						<control type="label">
							<right>70</right>
							<top>30</top>
							<height>50%</height>
							<align>right</align>
							<font>Font-ListInfo-Small-Bold</font>
							<textcolor>$VAR[HighlightColor]</textcolor>
							<label>$VAR[Label_ExtraInfo_Icons]</label>
							<visible>ListItem.IsCollection | Container.Content(movies) | Container.Content(sets) | Container.Content(tvshows) | Container.Content(seasons) | Container.Content(episodes) | Container.Content(artists) | Container.Content(albums) | Container.Content(songs)</visible>
						</control>	
						<!-- <control type="label"> -->
							<!-- <left>30</left> -->
							<!-- <right>190</right> -->
							<!-- <top>0</top> -->
							<!-- <height>100%</height> -->
							<!-- <align>right</align> -->
							<!-- <font>Font-ListInfo</font> -->
							<!-- <textcolor>ListLabel</textcolor> -->
							<!-- <label>$INFO[ListItem.Label2]</label> -->
							<!-- <visible>Skin.HasSetting(showuserratings) + IsEmpty(ListItem.Overlay) + [Container.Content(songs) | Container.Content(albums)]</visible> -->
						<!-- </control>	 -->
						<!-- <control type="image"> -->
							<!-- <centertop>50%</centertop> -->
							<!-- <width>180</width> -->
							<!-- <height>90</height> -->
							<!-- <right>0</right> -->
							<!-- <aspectratio>keep</aspectratio> -->
							<!-- <texture colordiffuse="ListLabel">$VAR[Image_UserRatingStar,indicator/videorating/,.png]</texture> -->
							<!-- <visible>!String.IsEmpty(ListItem.UserRating) + Skin.HasSetting(showuserratings) + [Container.Content(songs) | Container.Content(albums)]</visible> -->
						<!-- </control> -->	
						<control type="image">
							<right>10</right>
							<centertop>30%</centertop>
							<height>32</height>
							<width>32</width>
							<texture colordiffuse="$VAR[Indicators_SecondaryColor]">$VAR[Image_Indicator_Back]</texture>
							<visible>!String.IsEmpty(ListItem.Overlay)</visible>
							<visible>!Container.Content(seasons) + !Container.Content(sets)</visible>
						</control>
						<control type="image">          
							<right>10</right>
							<centertop>30%</centertop>
							<height>32</height>
							<width>32</width>                            
							<texture colordiffuse="$VAR[Indicators_PrimaryColor]">$VAR[Image_Indicator]</texture>
							<visible>!String.IsEmpty(ListItem.Overlay)</visible>
							<visible>!Container.Content(seasons) + !Container.Content(sets)</visible>
						</control>         
						<control type="image">
							<right>10</right>
							<centertop>30%</centertop>
							<height>32</height>
							<width>32</width>
							<texture colordiffuse="$VAR[Indicators_SecondaryColor]">$VAR[Image_Indicator_Back]</texture>
							<visible>!String.IsEmpty(ListItem.Overlay)</visible>
							<visible>Container.Content(seasons) | Container.Content(sets)</visible>
						</control>
						<control type="image">
							<right>10</right>
							<centertop>30%</centertop>
							<height>32</height>
							<width>32</width>                          
							<texture colordiffuse="$VAR[Indicators_PrimaryColor]">$VAR[Image_Indicator]</texture>
							<visible>!String.IsEmpty(ListItem.Overlay)</visible>
							<visible>Container.Content(seasons) | Container.Content(sets)</visible>
						</control> 						
                    </focusedlayout>
                </control>
            </control>
        </definition>
    </include>	
</includes>