<?xml version="1.0" encoding="utf-8"?><shortcuts>
	<shortcut>
		<label2>Movie Hub Shortcut</label2>
		<label>20342</label>
		<action>ActivateWindow(Videos,MovieTitles,return)</action>
		<icon>special://skin/extras/icons/film.png</icon>
	</shortcut>
	<shortcut>
		<label>31100</label>
		<label2>Movie Hub Shortcut</label2>
		<action>ActivateWindow(Videos,RecentlyAddedMovies,return)</action>
		<icon>special://skin/extras/icons/recentlyadded.png</icon>
	</shortcut>
	<shortcut>
		<label>31101</label>
		<label2>Movie Hub Shortcut</label2>
		<action>ActivateWindow(Videos,special://skin/extras/playlists/RecentMovies.xsp,return)</action>
		<icon>special://skin/extras/icons/recent.png</icon>
	</shortcut>
	<shortcut>
		<label>31102</label>
		<label2>Movie Hub Shortcut</label2>
		<action>PlayMedia(special://skin/extras/playlists/RandomMovies.xsp)</action>
		<icon>special://skin/extras/icons/signpost.png</icon>
	</shortcut>
	<shortcut>
		<label>137</label>
		<label2>Movie Hub Shortcut</label2>
		<action>RunScript(script.globalsearch,tvshows=true&amp;episodes=true&amp;movies=true)</action>
		<icon>special://skin/extras/icons/search.png</icon>
	</shortcut>
	<shortcut>
		<label>135</label>
		<label2>Movie Hub Shortcut</label2>
		<action>ActivateWindow(Videos,MovieGenres,return)</action>
		<icon>special://skin/extras/icons/genre.png</icon>
	</shortcut>
	<shortcut>
		<label>20348</label>
		<label2>Movie Hub Shortcut</label2>
		<action>ActivateWindow(Videos,MovieDirectors,return)</action>
		<icon>special://skin/extras/icons/director.png</icon>
	</shortcut>
	<shortcut>
		<label>344</label>
		<label2>Movie Hub Shortcut</label2>
		<action>ActivateWindow(Videos,MovieActors,return)</action>
		<icon>special://skin/extras/icons/actor.png</icon>
	</shortcut>
	<shortcut>
		<label>20434</label>
		<label2>Movie Hub Shortcut</label2>
		<action>ActivateWindow(Videos,MovieSets,return)</action>
		<icon>special://skin/extras/icons/year.png</icon>
	</shortcut>
	<shortcut>
		<label>136</label>
		<label2>Movie Hub Shortcut</label2>
		<action>ActivateWindow(videos,special://videoplaylists/,return)</action>
		<icon>special://skin/extras/icons/playlist.png</icon>
	</shortcut>
	<shortcut>
		<label>1214</label>
		<label2>Movie Hub Shortcut</label2>
		<action>ActivateWindow(Videos,Files,return)</action>
		<icon>special://skin/extras/icons/files.png</icon>
	</shortcut>
	<shortcut>
		<label>24001</label>
		<label2>Movie Hub Shortcut</label2>
		<action>ActivateWindow(videos,addons://sources/video/,return)</action>
		<icon>special://skin/extras/icons/video-addons.png</icon>
	</shortcut>
	<shortcut>
		<label>653</label>
		<label2>Movie Hub Shortcut</label2>
		<action>UpdateLibrary(video)</action>
		<icon>special://skin/extras/icons/update.png</icon>
	</shortcut>
</shortcuts>