<?xml version="1.0" encoding="utf-8"?><shortcuts>
	<shortcut>
		<defaultID>reiniciar</defaultID>
		<label>Reiniciar</label>
		<label2>Custom item</label2>
		<icon>special://skin/extras/icons/files.png</icon>
		<thumb/>
		<action>RunPlugin(&quot;plugin://plugin.program.executor/?do=program&amp;id=Reiniciar&quot;,return)</action>
	</shortcut>
	<shortcut>
		<defaultID>salir</defaultID>
		<label>Salir</label>
		<label2>Custom item</label2>
		<icon>special://skin/extras/icons/files.png</icon>
		<thumb/>
		<action>RunPlugin(&quot;plugin://plugin.program.executor/?do=program&amp;id=salir&quot;,return)</action>
	</shortcut>
	<shortcut>
		<defaultID>13016</defaultID>
		<label>13016</label>
		<label2>Orden Kodi</label2>
		<icon>special://skin/extras/icons/power.png</icon>
		<thumb/>
		<action>PowerDown</action>
	</shortcut>
	<shortcut>
		<defaultID>windows</defaultID>
		<label>Windows</label>
		<label2>Custom item</label2>
		<icon>special://skin/extras/icons/files.png</icon>
		<thumb/>
		<action>RunPlugin(&quot;plugin://plugin.program.executor/?do=program&amp;id=Windows&quot;,return)</action>
	</shortcut>
	<shortcut>
		<defaultID>13010</defaultID>
		<label>13010</label>
		<label2>Orden Kodi</label2>
		<icon>special://skin/extras/icons/power.png</icon>
		<thumb/>
		<action>Hibernate</action>
	</shortcut>
	<shortcut>
		<defaultID>13011</defaultID>
		<label>13011</label>
		<label2>Orden Kodi</label2>
		<icon>special://skin/extras/icons/power.png</icon>
		<thumb/>
		<action>Suspend</action>
	</shortcut>
	<shortcut>
		<defaultID>19026</defaultID>
		<label>19026</label>
		<label2>Orden Kodi</label2>
		<icon>special://skin/extras/icons/addon.png</icon>
		<thumb/>
		<action>AlarmClock(shutdowntimer,XBMC.Shutdown())</action>
	</shortcut>
	<shortcut>
		<defaultID>20151</defaultID>
		<label>20151</label>
		<label2>Orden Kodi</label2>
		<icon>special://skin/extras/icons/addon.png</icon>
		<thumb/>
		<action>CancelAlarm(shutdowntimer)</action>
	</shortcut>
</shortcuts>