<?xml version="1.0" encoding="UTF-8" standalone="yes"?>
<addon id="plugin.program.salondigital.advanced.control.panel.os" name="[B]SalonDigital Advanced Control Panel[/B]" version="1.0" provider-name="SalonDigital">
  <requires>
    <import addon="xbmc.python" version="2.1.0"/>
  </requires>
  <extension point="xbmc.python.pluginsource" library="default.py">
    <provides>executable</provides>
  </extension>
  <extension point="xbmc.service" library="startup.py" start="startup" />
  <extension point="xbmc.addon.metadata">
    	<summary>SalonDigital Updater</summary>
		<description>Nuevo addon de soporte exclusivo de clientes. Por favor, registrese en http://salondigital.es/foro</description>
		<disclaimer></disclaimer>
		<platform>linux</platform>
		<language>es</language>
		<license>Commercial</license>
		<forum></forum>
		<website>http://salondigital.es</website>
		<source></source>
		<email>salondigitalpedidos@gmail.com</email>
  <assets>
	<icon>icon.png</icon>
	<fanart>fanart.jpg</fanart>
	<screenshot>resources/screenshots/screenshot1.jpg</screenshot>
    <screenshot>resources/screenshots/screenshot2.jpg</screenshot>
    <screenshot>resources/screenshots/screenshot3.jpg</screenshot>
	<screenshot>resources/screenshots/screenshot4.jpg</screenshot>
    <screenshot>resources/screenshots/screenshot5.jpg</screenshot>
  </assets>
  </extension>
</addon>